Î»,bassa-esp_E
394.019,0.0
394.106,0.0
394.192,0.0
394.279,0.0
394.366,20.5503
394.453,3.6202
394.54,12.3583
394.627,0.0
394.714,0.0
394.801,0.0
394.888,10.1619
394.975,5.99556
395.062,10.7673
395.149,0.0
395.236,0.0
395.323,2.60794
395.41,3.74956
395.497,16.6415
395.584,7.37904
395.671,0.0
395.758,0.0
395.845,0.0
395.932,18.296
396.019,10.8277
396.105,61.7833
396.192,55.9323
396.279,51.6903
396.366,44.1914
396.453,79.4644
396.54,85.1403
396.627,99.9951
396.714,103.114
396.801,89.326
396.888,76.4427
396.975,51.1702
397.062,19.6563
397.149,20.2961
397.235,15.8454
397.322,33.6993
397.409,35.42
397.496,27.0049
397.583,25.4843
397.67,47.4503
397.757,0.0
397.844,11.634
397.931,17.6738
398.018,18.0221
398.105,6.93057
398.191,26.4417
398.278,0.478952
398.365,32.8559
398.452,26.991
398.539,11.7749
398.626,16.8894
398.713,12.0799
398.8,17.4936
398.887,15.7812
398.973,27.4883
399.06,22.3091
399.147,6.22546
399.234,6.85449
399.321,9.18373
399.408,12.8178
399.495,16.5007
399.582,15.5574
399.668,14.0719
399.755,3.38226
399.842,29.8329
399.929,17.3242
400.016,15.6386
400.103,4.32071
400.19,15.9333
400.276,30.5232
400.363,6.25786
400.45,36.788
400.537,27.1923
400.624,17.5115
400.711,24.7905
400.798,10.339
400.884,36.1705
400.971,0.0
401.058,15.8162
401.145,20.3373
401.232,5.43334
401.319,25.926
401.405,2.75557
401.492,0.0
401.579,11.9148
401.666,0.0
401.753,20.4933
401.84,15.6702
401.926,1.64408
402.013,34.843
402.1,34.1103
402.187,63.1701
402.274,56.1529
402.36,51.2948
402.447,49.276
402.534,72.2079
402.621,73.6038
402.708,98.186
402.795,131.599
402.881,130.316
402.968,109.153
403.055,77.3037
403.142,24.6203
403.229,19.7692
403.315,15.1017
403.402,19.3698
403.489,12.8121
403.576,26.8116
403.663,19.252
403.749,11.534
403.836,16.6417
403.923,16.2833
404.01,20.719
404.096,35.9525
404.183,0.0
404.27,22.758
404.357,27.9283
404.444,23.2436
404.53,18.1763
404.617,26.5612
404.704,13.4057
404.791,7.75837
404.877,27.5144
404.964,34.824
405.051,5.19484
405.138,6.35366
405.224,8.66683
405.311,0.0
405.398,18.5218
405.485,22.5777
405.572,15.5238
405.658,13.0926
405.745,24.5241
405.832,28.4567
405.919,21.3355
406.005,0.0
406.092,5.59777
406.179,21.4107
406.266,0.0
406.352,24.0161
406.439,0.0
406.526,7.21754
406.612,29.4778
406.699,26.1379
406.786,2.11978
406.873,21.3112
406.959,19.7708
407.046,4.99488
407.133,23.9786
407.22,12.7085
407.306,28.8979
407.393,33.6956
407.48,5.18219
407.566,19.2502
407.653,4.00433
407.74,25.7381
407.827,11.5311
407.913,23.6201
408.0,38.6719
408.087,31.1764
408.173,16.8067
408.26,48.8852
408.347,43.9005
408.434,38.6798
408.52,55.8561
408.607,45.314
408.694,48.9507
408.78,61.3961
408.867,33.6926
408.954,55.1252
409.04,46.5435
409.127,42.2633
409.214,29.6858
409.3,33.4934
409.387,38.1466
409.474,44.5715
409.56,41.1804
409.647,49.6842
409.734,16.4703
409.821,43.6866
409.907,59.4246
409.994,51.7554
410.081,15.9009
410.167,46.048
410.254,41.2433
410.341,15.6216
410.427,12.5568
410.514,35.4738
410.6,20.5723
410.687,31.0628
410.774,34.9123
410.86,45.8265
410.947,33.1023
411.034,17.7869
411.12,16.1556
411.207,33.1536
411.294,35.7728
411.38,59.8104
411.467,12.6858
411.554,33.3851
411.64,36.5849
411.727,37.3259
411.814,70.605
411.9,55.368
411.987,49.0815
412.073,74.8121
412.16,81.3631
412.247,55.2933
412.333,84.3301
412.42,61.5266
412.507,62.0895
412.593,47.6295
412.68,49.7744
412.766,47.765
412.853,42.4644
412.94,20.1024
413.026,36.9656
413.113,42.715
413.2,49.1045
413.286,43.9864
413.373,41.9005
413.459,35.567
413.546,23.1128
413.633,35.5388
413.719,26.0961
413.806,16.1078
413.892,18.1809
413.979,55.5701
414.066,36.8023
414.152,31.199
414.239,23.6858
414.325,40.1976
414.412,39.8386
414.498,66.9847
414.585,49.7887
414.672,42.523
414.758,31.4319
414.845,24.4342
414.931,25.2043
415.018,16.4132
415.104,32.1704
415.191,20.7307
415.278,24.9269
415.364,11.0988
415.451,36.5809
415.537,8.83446
415.624,6.78276
415.71,8.88505
415.797,28.4201
415.884,14.6687
415.97,15.1721
416.057,20.215
416.143,19.7027
416.23,24.494
416.316,0.0
416.403,12.1902
416.489,31.9778
416.576,12.331
416.663,23.0427
416.749,10.5824
416.836,10.1241
416.922,8.44631
417.009,26.1833
417.095,0.0
417.182,16.0469
417.268,13.2775
417.355,20.5364
417.441,31.6967
417.528,3.11054
417.614,18.0635
417.701,32.2231
417.787,1.25597
417.874,16.6443
417.96,39.3727
418.047,3.8332
418.133,15.8237
418.22,10.7672
418.307,26.6722
418.393,11.4621
418.48,11.5463
418.566,28.5796
418.653,12.6693
418.739,11.4751
418.826,9.68419
418.912,17.9736
418.999,12.2895
419.085,15.2256
419.172,21.9768
419.258,32.205
419.345,11.2124
419.431,17.7623
419.518,13.596
419.604,32.0871
419.69,12.471
419.777,8.47682
419.863,30.0997
419.95,12.8712
420.036,32.9072
420.123,9.49273
420.209,16.4592
420.296,7.92139
420.382,17.3353
420.469,29.4338
420.555,32.669
420.642,49.5137
420.728,11.2206
420.815,27.4923
420.901,20.0421
420.988,12.9885
421.074,41.9866
421.16,25.0728
421.247,16.9827
421.333,22.9505
421.42,34.4981
421.506,19.2173
421.593,28.52
421.679,16.2267
421.766,12.4042
421.852,25.6218
421.939,21.3945
422.025,9.34863
422.111,16.0408
422.198,16.4641
422.284,21.7121
422.371,33.4185
422.457,28.9077
422.544,15.3219
422.63,14.2102
422.716,18.9388
422.803,14.5825
422.889,20.7129
422.976,23.8486
423.062,9.81666
423.149,7.86013
423.235,17.1863
423.321,33.2846
423.408,31.1876
423.494,21.1722
423.581,17.5406
423.667,36.4691
423.753,11.9699
423.84,3.63028
423.926,17.5921
424.013,5.3764
424.099,11.1965
424.185,21.8009
424.272,19.9016
424.358,11.9889
424.445,14.4599
424.531,26.4972
424.617,30.0006
424.704,25.7101
424.79,7.35654
424.877,15.6854
424.963,0.0
425.049,28.0646
425.136,35.5299
425.222,28.9525
425.308,59.8103
425.395,47.3544
425.481,50.4502
425.568,49.5315
425.654,40.5332
425.74,46.9004
425.827,40.9851
425.913,27.8766
425.999,40.5906
426.086,30.6003
426.172,40.6253
426.258,34.1814
426.345,24.7807
426.431,38.5148
426.518,17.2666
426.604,24.5794
426.69,25.0036
426.777,26.4708
426.863,52.0077
426.949,44.6844
427.036,28.972
427.122,32.9533
427.208,65.0326
427.295,45.6668
427.381,45.3132
427.467,59.5418
427.554,74.8579
427.64,55.9502
427.726,80.9786
427.813,72.2039
427.899,73.8674
427.985,66.7003
428.072,50.3072
428.158,65.9574
428.244,63.8253
428.331,58.3659
428.417,34.4079
428.503,47.3316
428.59,25.8716
428.676,44.1371
428.762,23.289
428.849,34.46
428.935,21.0189
429.021,39.7868
429.107,29.5089
429.194,30.2799
429.28,23.0041
429.366,21.2816
429.453,37.8685
429.539,27.7076
429.625,6.81756
429.712,22.0088
429.798,9.38932
429.884,29.9861
429.97,20.5936
430.057,26.0412
430.143,26.1433
430.229,31.796
430.316,18.3854
430.402,30.6229
430.488,48.4401
430.574,26.858
430.661,12.0835
430.747,8.69678
430.833,28.5235
430.919,21.9671
431.006,5.86164
431.092,25.3962
431.178,34.666
431.264,14.6853
431.351,26.7779
431.437,22.4007
431.523,21.0557
431.61,16.3607
431.696,31.4146
431.782,8.60631
431.868,32.378
431.955,53.6467
432.041,12.9393
432.127,4.52993
432.213,23.1675
432.3,27.7788
432.386,17.3628
432.472,18.7175
432.558,0.458687
432.644,15.9352
432.731,17.6551
432.817,34.4136
432.903,29.8735
432.989,20.4318
433.076,19.7736
433.162,33.7561
433.248,59.6954
433.334,32.1142
433.421,38.6205
433.507,45.9672
433.593,46.5986
433.679,41.6552
433.765,55.8751
433.852,50.3357
433.938,39.2484
434.024,51.9448
434.11,29.7744
434.196,22.5395
434.283,49.8837
434.369,31.677
434.455,46.8505
434.541,40.0622
434.627,48.2014
434.714,41.2817
434.8,9.15289
434.886,50.2191
434.972,51.0857
435.058,60.6038
435.145,50.2943
435.231,58.0581
435.317,43.9452
435.403,42.0812
435.489,42.6989
435.576,31.4419
435.662,46.2623
435.748,29.9745
435.834,34.4527
435.92,17.8165
436.006,30.1572
436.093,33.1668
436.179,58.6099
436.265,67.4581
436.351,70.7871
436.437,85.9486
436.523,100.567
436.61,155.812
436.696,192.343
436.782,232.903
436.868,270.804
436.954,302.949
437.04,320.372
437.126,314.042
437.213,225.904
437.299,182.411
437.385,126.006
437.471,99.0686
437.557,86.5796
437.643,82.0528
437.729,64.0951
437.816,70.1279
437.902,76.9873
437.988,71.4436
438.074,57.8397
438.16,50.9372
438.246,77.4498
438.332,82.9022
438.419,88.2594
438.505,105.918
438.591,92.3122
438.677,111.773
438.763,150.312
438.849,135.211
438.935,179.371
439.021,169.342
439.107,170.009
439.194,139.277
439.28,123.019
439.366,64.4064
439.452,45.4315
439.538,41.6211
439.624,38.5115
439.71,49.7355
439.796,57.9262
439.882,59.6447
439.969,44.9971
440.055,54.9426
440.141,70.4004
440.227,91.554
440.313,68.3719
440.399,93.3867
440.485,88.7356
440.571,87.2373
440.657,61.4693
440.743,91.8648
440.829,76.4081
440.915,78.8951
441.002,84.6915
441.088,76.4628
441.174,80.9924
441.26,53.8979
441.346,75.0344
441.432,68.2591
441.518,69.6265
441.604,72.4043
441.69,90.9656
441.776,65.4185
441.862,60.0203
441.948,53.7031
442.034,37.4089
442.12,49.4466
442.206,35.6459
442.292,50.8076
442.379,60.0161
442.465,30.9463
442.551,60.3524
442.637,34.1849
442.723,41.9687
442.809,46.262
442.895,37.6004
442.981,49.4609
443.067,28.9085
443.153,35.0422
443.239,38.3377
443.325,18.7919
443.411,54.4855
443.497,39.6999
443.583,42.5853
443.669,54.377
443.755,61.0138
443.841,76.4504
443.927,28.6369
444.013,72.1546
444.099,67.7964
444.185,68.7604
444.271,46.5088
444.357,36.5144
444.443,54.3984
444.529,23.5131
444.615,30.7293
444.701,24.4447
444.787,38.0089
444.873,10.4166
444.959,29.0155
445.045,43.2593
445.131,49.3569
445.217,33.2926
445.303,34.2245
445.389,25.3171
445.475,49.8516
445.561,36.9729
445.647,42.8359
445.733,25.6044
445.819,20.1374
445.905,29.668
445.991,20.9381
446.077,26.7848
446.163,36.3824
446.249,36.6787
446.335,56.1149
446.421,54.4939
446.507,63.7074
446.593,79.0001
446.679,152.08
446.765,308.521
446.851,477.431
446.937,740.469
447.023,952.565
447.109,1263.57
447.195,1574.66
447.281,1919.08
447.367,2179.22
447.452,2001.39
447.538,1533.94
447.624,978.845
447.71,426.477
447.796,78.0655
447.882,42.8396
447.968,34.2376
448.054,31.4238
448.14,25.9421
448.226,32.0593
448.312,20.2742
448.398,7.05712
448.484,9.71356
448.57,29.225
448.656,0.0
448.742,25.9126
448.827,28.8266
448.913,14.4638
448.999,14.2843
449.085,14.4122
449.171,32.1638
449.257,47.8798
449.343,29.5774
449.429,19.6978
449.515,28.9446
449.601,34.0604
449.687,22.4383
449.773,26.9542
449.858,16.2189
449.944,29.9436
450.03,30.5342
450.116,25.5442
450.202,26.0659
450.288,17.174
450.374,40.221
450.46,15.5129
450.546,18.2601
450.632,26.7722
450.717,25.2759
450.803,31.8624
450.889,35.8143
450.975,10.9661
451.061,28.8614
451.147,24.1575
451.233,29.7126
451.319,47.4844
451.404,15.4707
451.49,11.892
451.576,18.0615
451.662,39.1278
451.748,11.7104
451.834,19.941
451.92,14.5747
452.006,27.5368
452.091,11.4134
452.177,36.211
452.263,15.7103
452.349,40.4475
452.435,30.7413
452.521,30.0063
452.607,25.5103
452.692,36.6007
452.778,40.2244
452.864,21.0835
452.95,26.2702
453.036,18.6306
453.122,8.39961
453.207,27.9316
453.293,21.5072
453.379,34.2387
453.465,7.22838
453.551,26.7795
453.637,45.9627
453.722,21.4446
453.808,13.6404
453.894,46.8072
453.98,39.9369
454.066,26.9906
454.152,48.8851
454.237,54.6918
454.323,51.3404
454.409,63.4847
454.495,50.0829
454.581,59.7942
454.666,71.2611
454.752,81.5662
454.838,69.436
454.924,68.5816
455.01,32.7632
455.096,55.7404
455.181,42.0249
455.267,58.5346
455.353,49.0906
455.439,60.3792
455.525,62.4134
455.61,43.5762
455.696,31.2976
455.782,40.8218
455.868,40.6657
455.953,49.9317
456.039,45.5217
456.125,57.5971
456.211,31.6622
456.297,45.67
456.382,38.5626
456.468,40.585
456.554,30.4586
456.64,45.3109
456.725,61.8658
456.811,56.6681
456.897,59.6273
456.983,93.0846
457.069,82.1833
457.154,74.4746
457.24,73.5743
457.326,62.2575
457.412,107.115
457.497,95.8621
457.583,53.345
457.669,73.2966
457.755,83.5267
457.84,78.5973
457.926,77.4414
458.012,84.6436
458.098,51.4625
458.183,35.1668
458.269,49.7511
458.355,63.4881
458.441,56.5471
458.526,57.377
458.612,49.2096
458.698,42.5718
458.784,43.664
458.869,49.1784
458.955,45.1561
459.041,53.2035
459.126,43.0246
459.212,45.4726
459.298,47.1166
459.384,41.0975
459.469,16.6151
459.555,27.4693
459.641,40.4197
459.726,36.8002
459.812,33.6344
459.898,27.972
459.984,40.9968
460.069,21.3931
460.155,14.6366
460.241,44.255
460.326,30.7229
460.412,22.0749
460.498,15.9666
460.584,40.0425
460.669,56.7482
460.755,31.7849
460.841,47.0483
460.926,25.1444
461.012,31.3308
461.098,42.8688
461.183,20.9647
461.269,16.2044
461.355,13.8098
461.44,40.0486
461.526,35.434
461.612,15.3163
461.697,15.5061
461.783,6.00904
461.869,37.8573
461.954,6.81631
462.04,19.6837
462.126,47.0647
462.211,26.839
462.297,25.1488
462.383,34.0982
462.468,24.7394
462.554,16.707
462.64,28.2184
462.725,33.8309
462.811,20.5888
462.897,9.58578
462.982,15.6593
463.068,33.4613
463.154,10.5241
463.239,29.1442
463.325,25.4998
463.411,23.7841
463.496,19.9471
463.582,11.0915
463.668,24.4474
463.753,32.9235
463.839,24.1065
463.924,34.2397
464.01,28.9249
464.096,27.5977
464.181,18.6281
464.267,47.2499
464.353,23.9271
464.438,29.6247
464.524,23.6724
464.609,36.4246
464.695,27.8607
464.781,35.458
464.866,34.7269
464.952,37.7931
465.038,25.1282
465.123,35.4195
465.209,42.7118
465.294,54.6634
465.38,26.2746
465.466,27.2784
465.551,44.6431
465.637,35.5287
465.722,41.1768
465.808,38.2313
465.894,35.6564
465.979,31.8107
466.065,22.5842
466.15,19.7712
466.236,39.6489
466.321,21.547
466.407,21.5674
466.493,31.2353
466.578,20.6429
466.664,31.3007
466.749,26.2062
466.835,11.5777
466.921,25.4403
467.006,31.0296
467.092,52.6835
467.177,21.1688
467.263,31.819
467.348,37.5159
467.434,16.1659
467.52,46.7906
467.605,23.9295
467.691,43.0054
467.776,29.3869
467.862,42.4371
467.947,48.4766
468.033,48.3097
468.118,67.9014
468.204,109.584
468.29,122.445
468.375,124.597
468.461,129.515
468.546,166.669
468.632,184.695
468.717,181.7
468.803,207.117
468.888,192.97
468.974,178.395
469.059,115.908
469.145,104.764
469.23,61.3031
469.316,95.6397
469.401,74.9956
469.487,68.2144
469.573,61.0488
469.658,95.6608
469.744,80.4428
469.829,72.191
469.915,55.0387
470.0,71.5521
470.086,38.9876
470.171,55.7101
470.257,73.772
470.342,66.7681
470.428,48.0354
470.513,51.6858
470.599,39.6065
470.684,49.1067
470.77,65.2856
470.855,73.578
470.941,75.2578
471.026,126.65
471.112,168.861
471.197,195.306
471.283,270.157
471.368,317.11
471.454,409.929
471.539,475.896
471.625,463.701
471.71,359.155
471.796,256.684
471.881,139.656
471.967,78.2742
472.052,79.3618
472.137,76.4654
472.223,56.9363
472.308,64.471
472.394,94.7962
472.479,93.5552
472.565,83.7641
472.65,107.31
472.736,123.948
472.821,81.9356
472.907,102.143
472.992,97.1676
473.078,100.26
473.163,78.9443
473.248,65.6853
473.334,96.5759
473.419,62.0039
473.505,79.0076
473.59,70.8826
473.676,68.6098
473.761,73.005
473.847,79.6406
473.932,55.7888
474.017,51.421
474.103,58.0153
474.188,59.8872
474.274,58.349
474.359,75.5007
474.445,40.3195
474.53,36.5737
474.616,63.6321
474.701,46.3709
474.786,59.4752
474.872,45.2256
474.957,60.8415
475.043,35.7778
475.128,57.0294
475.213,50.5231
475.299,62.7895
475.384,28.4882
475.47,32.6138
475.555,51.8884
475.64,35.7198
475.726,44.07
475.811,49.877
475.897,58.6286
475.982,32.5931
476.067,44.8608
476.153,57.445
476.238,37.0795
476.324,43.0222
476.409,58.2522
476.494,46.1486
476.58,70.6223
476.665,54.3411
476.751,51.8373
476.836,40.7321
476.921,34.7719
477.007,19.6535
477.092,37.6919
477.178,43.7801
477.263,45.6815
477.348,36.2735
477.434,49.9534
477.519,39.6381
477.604,48.0905
477.69,54.919
477.775,41.5784
477.86,38.1448
477.946,28.3949
478.031,22.0238
478.117,32.0969
478.202,21.1935
478.287,29.3319
478.373,42.7954
478.458,37.7538
478.543,33.9658
478.629,35.4293
478.714,38.877
478.799,29.977
478.885,42.5176
478.97,48.067
479.055,29.5886
479.141,38.1536
479.226,36.6789
479.311,50.6347
479.397,46.0175
479.482,42.7705
479.567,42.7174
479.653,31.9523
479.738,32.0162
479.823,24.0206
479.909,39.6697
479.994,40.6385
480.079,55.0237
480.165,26.7376
480.25,46.5202
480.335,37.4389
480.421,50.6797
480.506,58.7176
480.591,39.9228
480.677,38.4369
480.762,43.3306
480.847,43.8313
480.932,55.8807
481.018,36.589
481.103,43.7523
481.188,60.474
481.274,46.7683
481.359,62.5914
481.444,28.43
481.53,44.3965
481.615,47.6578
481.7,30.9281
481.785,38.93
481.871,34.3587
481.956,44.9292
482.041,44.6197
482.127,42.4465
482.212,40.0888
482.297,30.7903
482.382,27.8572
482.468,45.768
482.553,40.4344
482.638,64.0333
482.723,55.7539
482.809,66.1714
482.894,36.0153
482.979,70.6569
483.064,64.022
483.15,66.9883
483.235,55.3025
483.32,80.1723
483.406,61.0752
483.491,63.646
483.576,36.4425
483.661,69.0559
483.747,68.4515
483.832,74.8422
483.917,53.8627
484.002,52.2364
484.087,55.3997
484.173,56.125
484.258,49.4699
484.343,61.8079
484.428,28.8859
484.514,40.7558
484.599,57.9535
484.684,26.1256
484.769,36.6797
484.855,42.6473
484.94,52.0807
485.025,34.2298
485.11,30.5512
485.195,34.9706
485.281,56.2006
485.366,36.7123
485.451,27.5263
485.536,30.241
485.622,41.1358
485.707,20.0778
485.792,32.1211
485.877,22.4201
485.962,33.615
486.048,25.3121
486.133,16.4665
486.218,24.2439
486.303,35.2399
486.388,25.4908
486.474,24.2061
486.559,40.2218
486.644,19.131
486.729,52.5653
486.814,49.3224
486.9,45.7667
486.985,37.1983
487.07,47.6346
487.155,54.9135
487.24,47.7097
487.325,60.453
487.411,52.6797
487.496,40.1384
487.581,55.8737
487.666,73.2913
487.751,41.1516
487.836,44.1114
487.922,69.9861
488.007,54.591
488.092,50.9106
488.177,45.0114
488.262,71.4418
488.347,74.9313
488.433,59.8909
488.518,87.4044
488.603,58.8845
488.688,76.0387
488.773,90.9311
488.858,59.7071
488.944,49.2249
489.029,60.226
489.114,70.0528
489.199,70.9261
489.284,63.1713
489.369,64.8982
489.454,51.5252
489.54,57.9579
489.625,55.2122
489.71,54.0004
489.795,37.3118
489.88,58.4066
489.965,45.1142
490.05,56.8241
490.135,30.8206
490.221,43.7098
490.306,73.4684
490.391,52.1157
490.476,59.2507
490.561,40.2673
490.646,23.4314
490.731,45.6133
490.816,44.0712
490.901,63.595
490.987,39.3503
491.072,37.8339
491.157,65.3267
491.242,81.9652
491.327,80.418
491.412,75.2681
491.497,101.69
491.582,83.8063
491.667,108.947
491.752,140.408
491.838,171.422
491.923,263.367
492.008,355.487
492.093,536.831
492.178,741.66
492.263,928.185
492.348,1132.44
492.433,1267.08
492.518,1139.11
492.603,866.07
492.688,556.903
492.773,236.825
492.859,81.249
492.944,57.2064
493.029,58.4887
493.114,70.5401
493.199,54.1346
493.284,44.5537
493.369,27.6308
493.454,40.7158
493.539,44.4607
493.624,37.7702
493.709,34.7238
493.794,36.453
493.879,38.0932
493.964,54.0941
494.049,35.2078
494.134,49.8222
494.219,30.0789
494.304,30.1569
494.39,20.5126
494.475,25.3255
494.56,44.4739
494.645,30.9379
494.73,45.0141
494.815,37.6799
494.9,33.2947
494.985,56.7453
495.07,38.8899
495.155,28.048
495.24,43.7349
495.325,51.0482
495.41,39.5251
495.495,26.4238
495.58,44.0106
495.665,47.9673
495.75,42.9768
495.835,65.9557
495.92,51.3533
496.005,62.1995
496.09,51.0987
496.175,43.6798
496.26,62.2056
496.345,71.9377
496.43,67.3507
496.515,90.0424
496.6,99.009
496.685,93.9303
496.77,98.9747
496.855,104.922
496.94,154.029
497.025,156.309
497.11,163.361
497.195,147.701
497.28,106.65
497.365,100.567
497.45,95.8578
497.535,80.679
497.62,80.6995
497.705,80.826
497.79,78.7119
497.875,110.71
497.96,114.194
498.045,103.526
498.13,87.2689
498.215,132.406
498.3,103.127
498.385,125.226
498.47,116.234
498.555,125.49
498.639,114.611
498.724,101.21
498.809,128.423
498.894,108.17
498.979,106.634
499.064,94.8361
499.149,89.9271
499.234,109.689
499.319,85.6695
499.404,81.4111
499.489,109.045
499.574,91.2747
499.659,125.979
499.744,122.718
499.829,118.29
499.914,121.301
499.999,82.3085
500.084,62.123
500.168,85.4266
500.253,96.8874
500.338,109.045
500.423,108.236
500.508,92.4285
500.593,101.714
500.678,82.2808
500.763,114.6
500.848,140.241
500.933,156.519
501.018,206.891
501.103,370.932
501.187,726.426
501.272,1203.61
501.357,1988.69
501.442,2939.87
501.527,4249.81
501.612,5913.19
501.697,7657.21
501.782,9068.27
501.867,8859.52
501.952,6914.01
502.036,4552.68
502.121,1980.5
502.206,342.104
502.291,144.826
502.376,111.18
502.461,101.659
502.546,93.1964
502.631,68.3806
502.716,54.4302
502.8,37.5001
502.885,56.7168
502.97,39.2526
503.055,41.5608
503.14,27.5046
503.225,50.7156
503.31,62.6262
503.395,37.2871
503.479,52.66
503.564,64.0657
503.649,43.6001
503.734,57.5337
503.819,70.5585
503.904,86.4223
503.989,65.4698
504.073,66.5918
504.158,74.5503
504.243,72.3858
504.328,70.5004
504.413,123.267
504.498,129.957
504.582,166.533
504.667,223.119
504.752,269.941
504.837,332.453
504.922,399.214
505.007,454.965
505.091,412.41
505.176,312.834
505.261,235.764
505.346,140.823
505.431,76.4676
505.516,79.0322
505.6,85.5152
505.685,87.1612
505.77,68.7229
505.855,81.8031
505.94,67.517
506.025,55.806
506.109,87.7474
506.194,50.1533
506.279,64.3329
506.364,69.175
506.449,74.3149
506.533,71.1884
506.618,54.3999
506.703,78.6542
506.788,35.4122
506.873,65.2384
506.957,66.1192
507.042,57.5146
507.127,79.9618
507.212,89.9883
507.297,91.3916
507.381,98.1107
507.466,123.089
507.551,110.319
507.636,126.859
507.72,109.39
507.805,120.607
507.89,103.19
507.975,141.627
508.06,131.335
508.144,105.889
508.229,109.45
508.314,124.926
508.399,127.249
508.483,113.288
508.568,112.172
508.653,116.092
508.738,104.781
508.822,109.263
508.907,111.926
508.992,120.963
509.077,122.857
509.161,97.6839
509.246,110.405
509.331,89.6238
509.416,126.204
509.5,86.4702
509.585,85.9982
509.67,55.4952
509.755,74.8836
509.839,72.3577
509.924,69.6976
510.009,80.326
510.094,83.5454
510.178,80.3876
510.263,69.1725
510.348,64.7587
510.433,49.1853
510.517,71.3418
510.602,43.1965
510.687,60.3394
510.771,69.9293
510.856,66.1716
510.941,82.1904
511.026,45.8695
511.11,48.1051
511.195,38.5815
511.28,37.3147
511.364,42.4116
511.449,62.0244
511.534,44.4227
511.619,47.6372
511.703,49.2921
511.788,40.3609
511.873,38.9942
511.957,44.1508
512.042,27.5573
512.127,67.1312
512.211,53.7733
512.296,27.9887
512.381,29.0515
512.466,18.898
512.55,40.6081
512.635,31.4407
512.72,46.4604
512.804,27.5936
512.889,37.4378
512.974,47.8322
513.058,24.0902
513.143,24.4043
513.228,23.8726
513.312,35.3396
513.397,38.7456
513.482,25.1853
513.566,23.0345
513.651,39.1843
513.736,35.7105
513.82,51.3129
513.905,65.123
513.99,41.2046
514.074,44.7434
514.159,41.4028
514.244,66.0728
514.328,48.4944
514.413,38.971
514.498,55.6303
514.582,28.8668
514.667,28.0977
514.752,43.9778
514.836,59.5963
514.921,39.1763
515.005,33.4006
515.09,19.2089
515.175,21.4662
515.259,36.4729
515.344,25.5959
515.429,29.1163
515.513,47.5222
515.598,34.2128
515.682,26.4507
515.767,46.2998
515.852,26.2046
515.936,39.7259
516.021,23.5576
516.106,34.6253
516.19,30.5405
516.275,49.1569
516.359,32.1463
516.444,35.6082
516.529,26.7614
516.613,36.8532
516.698,20.7667
516.782,37.7226
516.867,44.9453
516.952,51.6636
517.036,42.5528
517.121,21.1422
517.205,21.9832
517.29,36.7094
517.375,31.262
517.459,22.6184
517.544,49.8079
517.628,28.2628
517.713,43.1222
517.798,44.2631
517.882,8.31698
517.967,43.0221
518.051,10.2369
518.136,45.4004
518.22,47.6685
518.305,23.9689
518.39,28.1104
518.474,25.9712
518.559,27.6333
518.643,37.6432
518.728,24.0616
518.812,28.4314
518.897,38.2309
518.982,51.7475
519.066,39.0593
519.151,19.0915
519.235,25.6865
519.32,45.714
519.404,54.6819
519.489,40.6629
519.573,60.7692
519.658,59.4857
519.743,68.6097
519.827,89.5211
519.912,45.1364
519.996,93.4776
520.081,89.0189
520.165,68.8981
520.25,73.542
520.334,64.4869
520.419,70.9004
520.503,56.8333
520.588,60.7992
520.672,80.3539
520.757,69.524
520.841,82.9016
520.926,70.5523
521.011,101.729
521.095,94.9103
521.18,83.5171
521.264,87.1739
521.349,107.612
521.433,122.214
521.518,108.484
521.602,106.283
521.687,99.1005
521.771,109.148
521.856,116.269
521.94,134.736
522.025,156.154
522.109,139.421
522.194,158.597
522.278,157.666
522.363,181.952
522.447,202.838
522.532,223.59
522.616,223.34
522.701,261.794
522.785,238.504
522.87,278.749
522.954,316.728
523.039,327.077
523.123,365.536
523.207,374.513
523.292,376.791
523.376,394.456
523.461,447.746
523.545,444.965
523.63,431.636
523.714,452.994
523.799,391.175
523.883,338.372
523.968,355.396
524.052,313.542
524.137,353.47
524.221,368.451
524.306,384.24
524.39,408.627
524.474,409.351
524.559,390.424
524.643,400.955
524.728,380.019
524.812,381.504
524.897,424.692
524.981,422.304
525.066,414.608
525.15,499.94
525.234,472.645
525.319,474.336
525.403,490.965
525.488,443.457
525.572,450.328
525.657,454.864
525.741,467.038
525.825,510.277
525.91,479.363
525.994,492.75
526.079,496.259
526.163,463.29
526.248,420.437
526.332,401.882
526.416,386.466
526.501,408.6
526.585,415.763
526.67,446.818
526.754,427.338
526.838,421.822
526.923,358.298
527.007,379.723
527.092,342.293
527.176,340.16
527.26,338.554
527.345,351.091
527.429,327.652
527.514,347.3
527.598,311.689
527.682,275.131
527.767,241.56
527.851,252.865
527.936,196.631
528.02,212.583
528.104,207.51
528.189,209.645
528.273,174.593
528.358,206.052
528.442,157.945
528.526,149.095
528.611,139.24
528.695,124.792
528.779,163.601
528.864,136.767
528.948,182.338
529.032,146.08
529.117,126.884
529.201,132.27
529.286,119.849
529.37,83.0317
529.454,108.407
529.539,106.374
529.623,102.48
529.707,84.2798
529.792,113.184
529.876,97.3934
529.96,78.1807
530.045,78.3514
530.129,50.3027
530.213,46.3555
530.298,40.8569
530.382,40.0774
530.466,38.0002
530.551,43.5652
530.635,29.6987
530.719,42.2644
530.804,39.3031
530.888,31.4619
530.972,28.7008
531.057,30.2973
531.141,37.0066
531.225,30.6795
531.31,38.8524
531.394,21.6962
531.478,45.9963
531.563,25.3555
531.647,26.4301
531.731,33.9816
531.816,39.4847
531.9,44.3709
531.984,22.4467
532.068,22.064
532.153,38.3803
532.237,37.1197
532.321,40.3875
532.406,28.7226
532.49,35.6732
532.574,34.8988
532.659,51.6132
532.743,65.1545
532.827,77.2856
532.911,119.159
532.996,187.752
533.08,231.066
533.164,291.763
533.249,319.025
533.333,311.173
533.417,262.201
533.501,162.013
533.586,90.7633
533.67,47.5056
533.754,27.3974
533.838,46.7496
533.923,38.6647
534.007,35.5735
534.091,27.4561
534.175,23.5527
534.26,47.8544
534.344,32.4137
534.428,23.6037
534.513,6.34579
534.597,36.7078
534.681,21.6284
534.765,28.1428
534.85,29.8412
534.934,2.60176
535.018,43.9355
535.102,27.0618
535.187,33.9004
535.271,39.4019
535.355,31.5433
535.439,9.2782
535.523,30.056
535.608,49.6407
535.692,19.3266
535.776,37.6283
535.86,26.5344
535.945,15.3365
536.029,32.03
536.113,25.0659
536.197,39.3127
536.282,26.7338
536.366,13.7192
536.45,31.8556
536.534,21.7703
536.618,30.2109
536.703,33.86
536.787,58.5519
536.871,26.0935
536.955,34.1326
537.039,28.0663
537.124,25.9993
537.208,18.7615
537.292,27.3155
537.376,47.6048
537.46,40.3587
537.545,23.5566
537.629,47.0845
537.713,20.267
537.797,19.9509
537.881,42.5718
537.966,13.699
538.05,34.2438
538.134,5.0121
538.218,35.1851
538.302,27.9746
538.386,44.4418
538.471,7.36216
538.555,42.5462
538.639,38.5046
538.723,7.48548
538.807,17.7051
538.892,16.6674
538.976,15.5186
539.06,21.0961
539.144,41.7691
539.228,36.4948
539.312,28.9674
539.397,6.80256
539.481,46.595
539.565,13.8171
539.649,2.27556
539.733,20.8437
539.817,14.0146
539.901,28.9968
539.986,12.0428
540.07,31.9637
540.154,27.6153
540.238,16.4585
540.322,16.6415
540.406,27.3581
540.49,0.605736
540.575,16.7578
540.659,27.6835
540.743,14.9373
540.827,22.9532
540.911,21.1891
540.995,13.3873
541.079,27.9221
541.163,32.4153
541.248,21.951
541.332,37.801
541.416,9.71414
541.5,8.78771
541.584,19.6642
541.668,23.7345
541.752,33.6979
541.836,20.3887
541.921,19.918
542.005,19.0101
542.089,11.5642
542.173,19.3075
542.257,10.9222
542.341,15.8886
542.425,8.17506
542.509,24.5637
542.593,20.2424
542.677,15.8155
542.762,31.7601
542.846,23.1544
542.93,27.1623
543.014,38.1481
543.098,50.2174
543.182,8.61689
543.266,17.505
543.35,32.8201
543.434,52.5042
543.518,40.1673
543.602,83.2206
543.686,94.6178
543.771,112.9
543.855,144.47
543.939,105.881
544.023,98.693
544.107,57.0866
544.191,46.5041
544.275,31.7567
544.359,37.827
544.443,26.706
544.527,31.675
544.611,43.3369
544.695,40.0287
544.779,45.7273
544.863,44.1626
544.947,18.1397
545.031,33.3866
545.115,49.4052
545.2,25.7685
545.284,31.2266
545.368,37.5645
545.452,43.2568
545.536,12.4901
545.62,23.0507
545.704,39.0562
545.788,25.8649
545.872,31.2816
545.956,47.583
546.04,41.3993
546.124,16.145
546.208,38.1998
546.292,53.1484
546.376,53.1988
546.46,51.5724
546.544,56.2313
546.628,55.2826
546.712,62.3372
546.796,50.6089
546.88,72.1217
546.964,65.8575
547.048,59.9187
547.132,96.9636
547.216,63.9464
547.3,80.065
547.384,68.2455
547.468,87.3459
547.552,73.4315
547.636,40.9698
547.72,75.7757
547.804,53.6358
547.888,58.3988
547.972,69.8769
548.056,63.2165
548.14,36.2451
548.224,58.6992
548.308,74.0963
548.392,60.3427
548.476,55.1427
548.56,44.6531
548.644,51.133
548.728,48.4449
548.812,54.8076
548.896,60.667
548.98,21.5796
549.064,45.5967
549.148,32.7937
549.232,35.7402
549.316,38.2386
549.4,36.5501
549.484,50.3316
549.568,26.8544
549.652,56.6595
549.736,67.4719
549.819,49.4623
549.903,51.2963
549.987,43.629
550.071,74.5876
550.155,94.9032
550.239,99.3525
550.323,104.739
550.407,128.926
550.491,130.629
550.575,91.4829
550.659,120.295
550.743,107.931
550.827,162.591
550.911,142.434
550.995,162.981
551.079,127.687
551.162,133.215
551.246,135.729
551.33,139.477
551.414,114.722
551.498,136.28
551.582,129.547
551.666,118.822
551.75,115.78
551.834,129.732
551.918,109.994
552.002,116.607
552.086,99.6034
552.17,132.117
552.253,111.24
552.337,98.873
552.421,116.147
552.505,104.103
552.589,94.8824
552.673,84.1866
552.757,81.4721
552.841,82.145
552.925,89.4142
553.008,92.115
553.092,94.6967
553.176,93.3277
553.26,84.8368
553.344,105.741
553.428,108.061
553.512,95.8963
553.596,105.026
553.68,113.952
553.763,105.91
553.847,102.968
553.931,108.432
554.015,106.741
554.099,117.022
554.183,107.074
554.267,128.427
554.351,123.808
554.434,141.679
554.518,131.838
554.602,127.81
554.686,139.218
554.77,148.311
554.854,165.256
554.938,176.014
555.021,153.445
555.105,166.765
555.189,170.043
555.273,191.247
555.357,187.92
555.441,201.384
555.524,186.982
555.608,185.0
555.692,189.431
555.776,175.399
555.86,193.408
555.944,175.538
556.027,163.041
556.111,176.071
556.195,164.23
556.279,176.294
556.363,187.52
556.447,181.78
556.53,171.356
556.614,179.887
556.698,200.244
556.782,171.865
556.866,198.656
556.949,203.512
557.033,217.146
557.117,229.145
557.201,207.978
557.285,223.537
557.369,199.903
557.452,229.303
557.536,231.256
557.62,242.729
557.704,260.688
557.788,268.673
557.871,272.42
557.955,287.639
558.039,316.827
558.123,308.368
558.206,326.541
558.29,344.038
558.374,377.526
558.458,376.122
558.542,392.485
558.625,359.463
558.709,410.16
558.793,432.63
558.877,434.52
558.961,446.739
559.044,408.582
559.128,386.605
559.212,334.142
559.296,295.906
559.379,285.284
559.463,304.341
559.547,333.177
559.631,351.864
559.714,343.267
559.798,359.271
559.882,347.639
559.966,311.999
560.049,300.452
560.133,301.959
560.217,263.205
560.301,270.125
560.384,269.744
560.468,260.462
560.552,295.228
560.636,305.914
560.719,295.984
560.803,276.217
560.887,261.381
560.971,227.675
561.054,217.228
561.138,211.281
561.222,230.38
561.305,246.553
561.389,247.329
561.473,253.599
561.557,276.013
561.64,255.559
561.724,266.59
561.808,233.039
561.892,232.597
561.975,214.661
562.059,189.898
562.143,182.377
562.226,235.261
562.31,213.817
562.394,257.296
562.477,241.009
562.561,257.675
562.645,242.92
562.729,211.408
562.812,175.886
562.896,153.6
562.98,162.331
563.063,185.967
563.147,180.909
563.231,167.205
563.314,187.756
563.398,176.543
563.482,184.174
563.565,158.923
563.649,121.042
563.733,100.774
563.817,48.6162
563.9,45.0803
563.984,48.8607
564.068,47.1597
564.151,44.6298
564.235,43.1062
564.319,38.8555
564.402,73.4401
564.486,41.5262
564.57,46.9068
564.653,6.25098
564.737,49.0746
564.821,20.8478
564.904,30.9079
564.988,15.5077
565.071,23.5859
565.155,23.632
565.239,19.8938
565.322,21.0855
565.406,22.5187
565.49,30.472
565.573,24.2786
565.657,13.5941
565.741,35.7452
565.824,24.2969
565.908,12.0275
565.992,24.7602
566.075,41.1127
566.159,35.0098
566.242,18.7465
566.326,40.0268
566.41,38.6465
566.493,20.4289
566.577,57.0543
566.661,25.0149
566.744,7.99346
566.828,36.5462
566.911,32.3668
566.995,42.0402
567.079,21.5229
567.162,26.4556
567.246,16.5386
567.329,23.3913
567.413,47.7726
567.497,17.453
567.58,10.5484
567.664,36.283
567.747,23.9534
567.831,30.0917
567.915,2.22329
567.998,36.1659
568.082,37.8999
568.165,16.1683
568.249,15.2734
568.333,40.3289
568.416,48.7633
568.5,22.4932
568.583,35.6628
568.667,43.1791
568.751,48.6226
568.834,38.2927
568.918,51.6364
569.001,26.9618
569.085,40.1221
569.168,39.6551
569.252,20.5045
569.336,43.5681
569.419,45.6842
569.503,49.9977
569.586,45.5088
569.67,50.1336
569.753,45.5432
569.837,59.3724
569.92,33.5049
570.004,51.1469
570.088,40.909
570.171,39.9054
570.255,53.9497
570.338,36.4615
570.422,55.8019
570.505,30.6831
570.589,22.9111
570.672,55.1812
570.756,58.436
570.839,23.93
570.923,49.9783
571.007,26.2113
571.09,37.4311
571.174,34.8249
571.257,17.9539
571.341,19.8074
571.424,7.78433
571.508,39.5544
571.591,30.4322
571.675,32.7043
571.758,10.109
571.842,25.987
571.925,23.8538
572.009,25.0059
572.092,23.1929
572.176,17.9143
572.259,19.7242
572.343,29.4039
572.426,8.76986
572.51,19.6698
572.593,26.5965
572.677,1.79742
572.76,18.5905
572.844,22.3473
572.927,30.109
573.011,14.2567
573.094,22.4591
573.178,5.93581
573.261,17.4048
573.345,17.2104
573.428,28.8565
573.512,20.1457
573.595,28.5724
573.679,32.2718
573.762,23.8979
573.846,10.3963
573.929,16.9133
574.013,25.7506
574.096,32.8653
574.18,13.0506
574.263,14.5642
574.347,19.9621
574.43,24.1846
574.514,17.69
574.597,26.8495
574.68,9.9336
574.764,21.3521
574.847,32.9295
574.931,32.8522
575.014,15.246
575.098,38.0921
575.181,1.07474
575.265,0.0
575.348,28.2972
575.432,34.1673
575.515,22.7629
575.598,19.5819
575.682,9.14746
575.765,0.0
575.849,18.0208
575.932,26.5468
576.016,24.2685
576.099,13.6849
576.182,22.7153
576.266,17.8191
576.349,22.6969
576.433,20.1251
576.516,9.31661
576.6,2.53818
576.683,9.93116
576.766,4.97844
576.85,9.26264
576.933,17.7307
577.017,18.8701
577.1,28.2803
577.184,18.3017
577.267,0.0
577.35,10.0407
577.434,4.05601
577.517,21.9548
577.601,9.87329
577.684,16.618
577.767,0.0
577.851,10.6985
577.934,17.0875
578.018,3.53589
578.101,7.46959
578.184,43.6797
578.268,16.1183
578.351,20.4834
578.435,25.358
578.518,24.1063
578.601,7.75873
578.685,19.1163
578.768,17.6812
578.851,27.0234
578.935,11.7281
579.018,32.0681
579.102,22.5519
579.185,26.2896
579.268,19.7685
579.352,34.2888
579.435,10.3101
579.518,29.3228
579.602,41.9391
579.685,38.1139
579.768,12.6259
579.852,42.5061
579.935,21.4918
580.019,41.1305
580.102,44.2244
580.185,39.8093
580.269,43.2593
580.352,38.6208
580.435,23.2773
580.519,27.187
580.602,18.9383
580.685,53.1423
580.769,52.0928
580.852,39.8081
580.935,54.637
581.019,40.7608
581.102,49.6162
581.185,46.6241
581.269,53.2996
581.352,68.0331
581.435,35.7189
581.519,39.11
581.602,39.9435
581.685,67.061
581.769,74.1694
581.852,52.9031
581.935,52.4989
582.019,51.4665
582.102,73.8698
582.185,79.5316
582.269,72.1631
582.352,78.9412
582.435,91.3482
582.518,94.4024
582.602,118.589
582.685,102.679
582.768,117.879
582.852,117.297
582.935,114.07
583.018,132.329
583.102,122.439
583.185,116.136
583.268,144.562
583.351,135.166
583.435,145.206
583.518,142.113
583.601,144.673
583.685,160.889
583.768,153.554
583.851,158.865
583.934,132.553
584.018,135.757
584.101,123.045
584.184,137.328
584.267,122.744
584.351,134.6
584.434,157.465
584.517,144.944
584.601,154.944
584.684,175.165
584.767,172.452
584.85,170.738
584.934,147.917
585.017,178.658
585.1,173.158
585.183,163.732
585.267,173.807
585.35,176.469
585.433,163.72
585.516,152.328
585.6,172.441
585.683,155.34
585.766,174.297
585.849,169.698
585.933,215.041
586.016,184.228
586.099,184.291
586.182,162.892
586.266,168.116
586.349,149.556
586.432,192.979
586.515,193.717
586.598,213.185
586.682,219.073
586.765,249.685
586.848,249.239
586.931,286.004
587.015,249.709
587.098,301.175
587.181,376.624
587.264,520.212
587.347,871.558
587.431,1623.3
587.514,2731.86
587.597,4145.7
587.68,5983.45
587.763,8323.54
587.847,10653.9
587.93,13837.9
588.013,12947.8
588.096,10114.8
588.179,6749.48
588.263,2335.7
588.346,426.006
588.429,319.242
588.512,295.881
588.595,273.027
588.678,237.62
588.762,239.184
588.845,219.81
588.928,227.203
589.011,170.66
589.094,155.527
589.178,166.324
589.261,184.189
589.344,175.073
589.427,168.593
589.51,151.309
589.593,150.303
589.677,163.135
589.76,140.654
589.843,137.918
589.926,127.944
590.009,121.584
590.092,92.4159
590.176,74.8609
590.259,70.0818
590.342,67.0974
590.425,70.7513
590.508,93.8274
590.591,95.3883
590.674,101.771
590.758,103.919
590.841,86.0055
590.924,95.2794
591.007,107.522
591.09,79.0201
591.173,70.7389
591.256,100.547
591.339,87.4182
591.423,81.0557
591.506,95.1646
591.589,75.2938
591.672,113.598
591.755,73.2973
591.838,80.2061
591.921,93.8956
592.004,88.0872
592.088,102.578
592.171,64.8796
592.254,72.6398
592.337,89.5784
592.42,89.5476
592.503,75.054
592.586,78.2321
592.669,73.9145
592.752,88.7067
592.836,81.7428
592.919,112.828
593.002,80.504
593.085,40.7588
593.168,74.3716
593.251,76.5169
593.334,70.9945
593.417,78.1792
593.5,42.7215
593.583,50.4567
593.666,61.1231
593.75,68.8098
593.833,76.9503
593.916,81.883
593.999,64.3416
594.082,78.2742
594.165,69.2129
594.248,56.2397
594.331,80.1433
594.414,108.675
594.497,91.0968
594.58,82.2122
594.663,84.4191
594.746,105.433
594.829,87.6875
594.913,61.1087
594.996,67.7191
595.079,60.6463
595.162,88.357
595.245,90.052
595.328,74.277
595.411,95.9707
595.494,79.5703
595.577,105.604
595.66,95.936
595.743,95.3855
595.826,93.4685
595.909,106.414
595.992,127.629
596.075,115.251
596.158,127.994
596.241,137.555
596.324,133.83
596.407,153.483
596.49,170.977
596.573,124.859
596.656,122.717
596.739,140.164
596.822,150.487
596.905,143.492
596.988,152.973
597.071,194.435
597.154,155.452
597.237,149.259
597.32,184.231
597.404,201.362
597.487,210.447
597.57,209.116
597.653,202.754
597.736,203.73
597.819,242.311
597.902,210.384
597.985,202.512
598.068,187.739
598.151,184.175
598.234,154.688
598.316,148.79
598.399,141.908
598.482,160.9
598.565,154.735
598.648,171.123
598.731,170.652
598.814,199.235
598.897,158.28
598.98,146.018
599.063,158.836
599.146,146.059
599.229,163.66
599.312,152.349
599.395,164.982
599.478,152.739
599.561,167.51
599.644,153.908
599.727,180.968
599.81,164.559
599.893,179.131
599.976,166.907
600.059,153.057
600.142,148.619
600.225,115.584
600.308,123.195
600.391,135.23
600.474,124.52
600.557,132.669
600.64,160.533
600.723,157.208
600.805,153.648
600.888,150.853
600.971,161.147
601.054,165.123
601.137,148.089
601.22,126.577
601.303,128.344
601.386,112.995
601.469,113.954
601.552,136.379
601.635,115.735
601.718,130.934
601.801,135.884
601.884,157.35
601.966,134.109
602.049,120.101
602.132,96.3086
602.215,114.347
602.298,92.1088
602.381,119.192
602.464,75.0513
602.547,83.4788
602.63,114.944
602.713,89.0878
602.796,94.4654
602.878,99.5366
602.961,98.418
603.044,113.79
603.127,111.568
603.21,91.5878
603.293,65.3938
603.376,43.5296
603.459,38.383
603.542,55.1069
603.624,39.0398
603.707,33.0043
603.79,22.4284
603.873,39.527
603.956,41.3554
604.039,49.6222
604.122,36.8368
604.205,7.73131
604.287,21.7943
604.37,27.609
604.453,28.9126
604.536,11.4141
604.619,42.3802
604.702,51.5089
604.785,41.5538
604.868,42.2979
604.95,37.6262
605.033,54.4813
605.116,58.5716
605.199,65.4183
605.282,41.807
605.365,36.5698
605.448,39.1257
605.53,35.154
605.613,38.6791
605.696,14.9889
605.779,27.4408
605.862,30.7896
605.945,9.76525
606.027,17.3657
606.11,9.75913
606.193,31.8386
606.276,14.2604
606.359,51.5387
606.442,41.0418
606.524,24.7615
606.607,14.7379
606.69,17.8955
606.773,26.6954
606.856,18.8893
606.939,37.3411
607.021,2.27365
607.104,18.594
607.187,25.1267
607.27,14.296
607.353,31.7106
607.435,25.67
607.518,14.105
607.601,16.6724
607.684,14.2626
607.767,16.2982
607.849,34.9746
607.932,22.3175
608.015,18.1385
608.098,15.7059
608.181,16.8095
608.263,0.0
608.346,9.25632
608.429,7.50477
608.512,3.84845
608.595,3.363
608.677,37.4047
608.76,17.9593
608.843,17.5847
608.926,29.2742
609.008,10.9001
609.091,12.8448
609.174,27.1087
609.257,7.66791
609.34,20.0814
609.422,12.5389
609.505,17.5072
609.588,23.7493
609.671,18.0525
609.753,2.15179
609.836,25.125
609.919,33.4884
610.002,8.51355
610.084,18.2174
610.167,23.7976
610.25,17.8857
610.333,13.8288
610.415,3.93539
610.498,0.0
610.581,20.5115
610.664,12.1804
610.746,4.87348
610.829,19.984
610.912,13.9231
610.995,25.134
611.077,12.3213
611.16,20.8588
611.243,24.5145
611.326,40.0199
611.408,31.1801
611.491,20.3493
611.574,9.26914
611.656,31.1414
611.739,10.229
611.822,29.4177
611.905,7.00706
611.987,1.77058
612.07,26.6788
612.153,21.6453
612.235,32.163
612.318,16.7847
612.401,45.9935
612.484,0.0
612.566,40.2667
612.649,18.0223
612.732,31.7439
612.814,43.58
612.897,24.7881
612.98,33.2722
613.062,15.021
613.145,12.124
613.228,0.123983
613.311,19.905
613.393,35.5452
613.476,14.3884
613.559,24.9367
613.641,27.4559
613.724,22.51
613.807,0.0
613.889,31.1168
613.972,7.10168
614.055,10.8175
614.137,20.525
614.22,22.4509
614.303,3.8227
614.385,29.9529
614.468,12.3464
614.551,30.5047
614.633,22.4276
614.716,16.2283
614.799,34.7952
614.881,40.4051
614.964,22.2239
615.047,15.203
615.129,39.1686
615.212,26.344
615.295,31.218
615.377,33.2811
615.46,42.4507
615.543,51.4503
615.625,77.4081
615.708,108.633
615.791,166.189
615.873,267.56
615.956,376.755
616.038,476.685
616.121,575.944
616.204,681.906
616.286,723.068
616.369,688.589
616.452,638.966
616.534,459.037
616.617,311.556
616.699,185.529
616.782,87.0744
616.865,52.3354
616.947,42.1314
617.03,28.9528
617.113,23.439
617.195,31.6363
617.278,51.0913
617.36,17.7238
617.443,24.9537
617.526,53.4251
617.608,54.4319
617.691,28.8405
617.773,36.102
617.856,35.549
617.939,43.5048
618.021,56.1938
618.104,52.8216
618.186,59.6717
618.269,47.6209
618.352,54.3774
618.434,42.4444
618.517,46.0382
618.599,56.0447
618.682,63.2605
618.765,49.1158
618.847,52.0813
618.93,46.0087
619.012,28.3283
619.095,52.492
619.177,52.0245
619.26,39.8591
619.343,40.7111
619.425,46.3048
619.508,52.8941
619.59,39.6456
619.673,33.3617
619.755,51.9427
619.838,55.4291
619.92,27.1568
620.003,70.8448
620.086,62.9337
620.168,67.8321
620.251,68.2501
620.333,81.6212
620.416,67.3984
620.498,69.6995
620.581,63.8877
620.663,64.6625
620.746,69.9508
620.829,59.9987
620.911,41.7869
620.994,48.023
621.076,45.9815
621.159,78.8245
621.241,63.0444
621.324,66.4222
621.406,59.751
621.489,68.955
621.571,67.6352
621.654,52.4663
621.736,37.1704
621.819,56.8967
621.901,62.2727
621.984,55.4054
622.066,61.0645
622.149,60.5291
622.231,44.0204
622.314,59.5844
622.396,35.2821
622.479,42.6236
622.561,37.7125
622.644,67.0037
622.726,54.2001
622.809,34.6459
622.891,34.2527
622.974,48.0525
623.056,64.4955
623.139,41.9688
623.221,55.0892
623.304,44.29
623.386,35.42
623.469,62.191
623.551,23.4298
623.634,54.9585
623.716,45.5233
623.799,40.9689
623.881,25.9921
623.964,28.3864
624.046,30.009
624.129,46.0428
624.211,55.6255
624.294,66.8396
624.376,30.6509
624.459,55.0515
624.541,74.2544
624.624,65.3812
624.706,48.7389
624.788,59.9375
624.871,65.0838
624.953,62.0847
625.036,44.9329
625.118,60.0036
625.201,60.592
625.283,79.1045
625.366,71.6355
625.448,73.7427
625.531,85.6687
625.613,70.9582
625.695,50.0186
625.778,58.8161
625.86,72.5701
625.943,40.5858
626.025,67.8922
626.108,67.4802
626.19,51.2921
626.272,49.182
626.355,56.454
626.437,38.5076
626.52,42.8366
626.602,57.8424
626.685,58.1678
626.767,45.3002
626.849,48.053
626.932,24.8932
627.014,55.8835
627.097,45.8993
627.179,33.4008
627.262,37.5044
627.344,34.4275
627.426,31.9276
627.509,49.6037
627.591,40.8028
627.674,64.6285
627.756,37.2875
627.838,40.1145
627.921,25.6782
628.003,31.1247
628.086,65.9765
628.168,32.408
628.25,23.1603
628.333,21.9433
628.415,30.6638
628.497,47.8201
628.58,31.4937
628.662,8.81812
628.745,29.5643
628.827,27.0979
628.909,34.7705
628.992,38.4318
629.074,32.0601
629.157,48.3654
629.239,46.5486
629.321,24.7063
629.404,17.4991
629.486,42.222
629.568,35.853
629.651,48.0925
629.733,23.8059
629.815,30.3873
629.898,44.0228
629.98,38.5322
630.063,38.004
630.145,27.1711
630.227,26.0563
630.31,27.7929
630.392,12.5816
630.474,37.2295
630.557,39.1663
630.639,38.8117
630.721,35.8091
630.804,17.463
630.886,29.6433
630.968,55.6835
631.051,37.9167
631.133,12.8947
631.215,20.3014
631.298,13.1609
631.38,36.1296
631.462,46.0496
631.545,32.901
631.627,38.6391
631.709,28.0603
631.792,31.3773
631.874,40.3806
631.956,52.964
632.039,59.1648
632.121,42.1136
632.203,54.8128
632.285,69.5846
632.368,22.3926
632.45,32.3471
632.532,32.9978
632.615,40.251
632.697,49.3671
632.779,44.7541
632.862,48.3221
632.944,13.8627
633.026,18.3156
633.108,51.6851
633.191,55.0667
633.273,47.6244
633.355,44.5552
633.438,67.5054
633.52,58.477
633.602,30.9413
633.684,50.9421
633.767,52.9027
633.849,36.1896
633.931,52.4666
634.014,63.4601
634.096,55.0645
634.178,57.591
634.26,69.7906
634.343,51.9424
634.425,56.7135
634.507,61.2111
634.589,64.7845
634.672,48.4554
634.754,50.0647
634.836,74.0889
634.918,45.0031
635.001,46.8949
635.083,72.6312
635.165,85.6946
635.248,68.3266
635.33,94.6862
635.412,97.7412
635.494,85.6802
635.576,96.343
635.659,97.0645
635.741,99.0028
635.823,84.7852
635.905,112.035
635.988,91.447
636.07,101.096
636.152,93.7702
636.234,113.671
636.317,132.666
636.399,125.756
636.481,119.643
636.563,138.475
636.645,126.688
636.728,125.57
636.81,130.401
636.892,130.274
636.974,118.722
637.057,90.8767
637.139,119.381
637.221,94.9003
637.303,102.42
637.385,90.2139
637.468,103.262
637.55,119.51
637.632,78.76
637.714,104.817
637.796,92.7377
637.879,110.988
637.961,111.953
638.043,109.918
638.125,85.6003
638.207,111.074
638.29,97.8765
638.372,107.927
638.454,107.282
638.536,86.7516
638.618,77.6861
638.701,106.431
638.783,97.925
638.865,94.4977
638.947,96.833
639.029,90.5813
639.111,101.642
639.194,88.2184
639.276,95.5158
639.358,85.1264
639.44,74.9546
639.522,72.3615
639.604,94.305
639.687,115.06
639.769,101.037
639.851,101.228
639.933,102.609
640.015,101.395
640.097,99.6068
640.179,104.851
640.262,96.0543
640.344,84.7397
640.426,104.316
640.508,81.6297
640.59,99.6943
640.672,97.4771
640.754,61.1344
640.837,84.698
640.919,78.5713
641.001,88.2519
641.083,101.4
641.165,95.1761
641.247,103.338
641.329,85.5555
641.412,104.439
641.494,63.5493
641.576,80.1988
641.658,45.6011
641.74,56.6899
641.822,55.7188
641.904,47.538
641.986,61.5157
642.068,64.9652
642.151,78.3471
642.233,81.2641
642.315,81.3544
642.397,77.8153
642.479,59.8003
642.561,36.1096
642.643,54.9075
642.725,79.2731
642.807,49.2105
642.89,51.4069
642.972,35.8818
643.054,18.4876
643.136,53.9159
643.218,25.9932
643.3,45.2913
643.382,24.7739
643.464,24.7246
643.546,39.7174
643.628,36.8129
643.71,47.1436
643.792,36.4433
643.875,54.7112
643.957,51.5096
644.039,38.6046
644.121,8.94971
644.203,11.0753
644.285,25.2651
644.367,34.6002
644.449,25.2595
644.531,25.8476
644.613,27.1061
644.695,6.76668
644.777,16.6944
644.859,16.8088
644.941,29.7569
645.023,34.7699
645.105,25.0119
645.188,24.6463
645.27,19.5191
645.352,17.9616
645.434,12.0122
645.516,33.0395
645.598,33.3316
645.68,30.1087
645.762,51.5675
645.844,42.4201
645.926,55.4328
646.008,101.641
646.09,106.939
646.172,118.027
646.254,127.506
646.336,138.685
646.418,136.501
646.5,116.737
646.582,102.227
646.664,110.516
646.746,73.5822
646.828,65.1623
646.91,64.2822
646.992,23.2752
647.074,52.7162
647.156,21.3954
647.238,39.1311
647.32,20.0602
647.402,30.8417
647.484,27.7029
647.566,41.8445
647.648,21.257
647.73,24.2723
647.812,38.9359
647.894,26.6165
647.976,14.6156
648.058,30.7815
648.14,29.3682
648.222,16.2972
648.304,19.9539
648.386,4.17514
648.468,14.0531
648.55,27.8329
648.632,35.0083
648.714,26.0089
648.796,4.67262
648.878,31.433
648.96,10.0398
649.042,19.5558
649.124,21.3937
649.206,10.4482
649.288,7.52014
649.37,26.5735
649.452,19.4834
649.534,25.3221
649.616,3.40547
649.698,31.164
649.78,25.9028
649.862,15.0891
649.944,3.72951
650.026,26.8146
650.107,17.7668
650.189,12.9836
650.271,20.9131
650.353,31.9661
650.435,32.9156
650.517,20.4076
650.599,6.64329
650.681,1.94123
650.763,11.0758
650.845,35.2579
650.927,7.95485
651.009,13.0844
651.091,33.4005
651.173,16.3226
651.255,10.4788
651.337,4.37939
651.418,22.3892
651.5,7.72046
651.582,27.5659
651.664,9.33228
651.746,27.3417
651.828,25.7446
651.91,10.6096
651.992,5.15663
652.074,18.8781
652.156,8.24622
652.238,7.3949
652.319,0.0
652.401,9.55219
652.483,8.4427
652.565,27.0377
652.647,17.0587
652.729,18.6049
652.811,8.37765
652.893,15.7461
652.975,13.0486
653.057,30.7763
653.138,18.079
653.22,20.4057
653.302,3.67975
653.384,27.5498
653.466,5.61413
653.548,4.85925
653.63,21.2765
653.712,16.2438
653.793,27.0308
653.875,23.137
653.957,10.4926
654.039,8.72709
654.121,11.9642
654.203,18.8445
654.285,30.3427
654.367,14.2445
654.448,16.4954
654.53,7.6532
654.612,37.1038
654.694,8.78345
654.776,2.46868
654.858,20.3258
654.94,27.9153
655.021,20.3266
655.103,13.475
655.185,18.3087
655.267,20.7719
655.349,11.6899
655.431,13.3564
655.512,17.7108
655.594,0.0
655.676,34.042
655.758,11.8087
655.84,0.712679
655.922,5.38282
656.004,14.8982
656.085,6.09421
656.167,30.6147
656.249,14.0806
656.331,6.65605
656.413,17.1807
656.494,9.57535
656.576,16.2929
656.658,17.1419
656.74,16.9037
656.822,8.68075
656.904,33.0618
656.985,16.2501
657.067,11.0235
657.149,2.90988
657.231,12.4632
657.313,12.9962
657.394,6.16534
657.476,21.2096
657.558,21.0211
657.64,30.1267
657.722,11.8626
657.803,34.5792
657.885,13.3385
657.967,18.5161
658.049,1.91975
658.131,19.4193
658.212,0.0
658.294,2.58811
658.376,15.9053
658.458,6.45838
658.539,17.9258
658.621,16.502
658.703,28.96
658.785,3.48392
658.867,6.18983
658.948,10.2739
659.03,0.0
659.112,13.111
659.194,6.50413
659.275,16.4765
659.357,0.866872
659.439,18.8963
659.521,29.7775
659.602,0.602114
659.684,0.0
659.766,0.358175
659.848,23.1581
659.929,0.0
660.011,15.0901
660.093,23.0196
660.175,6.23645
660.256,0.0
660.338,32.2316
660.42,1.22085
660.502,0.0
660.583,12.1756
660.665,20.938
660.747,14.2771
660.829,9.55679
660.91,1.22146
660.992,13.3542
661.074,16.0135
661.156,11.4686
661.237,0.0
661.319,13.5816
661.401,32.2338
661.482,0.0
661.564,13.9312
661.646,9.79174
661.728,21.7147
661.809,32.4821
661.891,0.0
661.973,18.0073
662.054,19.2688
662.136,13.7843
662.218,11.3125
662.299,0.0
662.381,3.19379
662.463,4.64017
662.545,18.6163
662.626,5.42972
662.708,0.0
662.79,28.6379
662.871,7.97588
662.953,11.3882
663.035,5.12235
663.116,21.2547
663.198,17.6528
663.28,23.4545
663.361,11.3172
663.443,0.437578
663.525,29.179
663.607,11.634
663.688,15.8317
663.77,20.5823
663.852,20.8078
663.933,14.9236
664.015,0.711624
664.097,38.2134
664.178,29.2591
664.26,17.8977
664.342,29.9802
664.423,40.2783
664.505,9.58742
664.587,46.8551
664.668,25.3624
664.75,18.4614
664.831,26.4418
664.913,31.7276
664.995,43.958
665.076,40.014
665.158,51.3503
665.24,64.4453
665.321,50.452
665.403,31.39
665.485,57.1921
665.566,58.8396
665.648,64.4233
665.73,74.832
665.811,66.7034
665.893,26.37
665.974,62.5389
666.056,61.1216
666.138,51.0815
666.219,85.5204
666.301,73.009
666.383,77.2217
666.464,71.9209
666.546,51.9181
666.627,75.5968
666.709,86.8958
666.791,96.8703
666.872,104.501
666.954,97.9251
667.035,108.319
667.117,136.645
667.199,138.143
667.28,126.105
667.362,141.946
667.443,123.489
667.525,128.356
667.607,132.611
667.688,142.275
667.77,164.832
667.851,180.709
667.933,183.464
668.015,237.427
668.096,257.125
668.178,271.546
668.259,353.12
668.341,557.638
668.423,1028.16
668.504,2201.05
668.586,3988.59
668.667,5783.19
668.749,8082.35
668.83,9929.32
668.912,10366.0
668.994,10238.6
669.075,10048.6
669.157,8245.34
669.238,6260.59
669.32,4243.22
669.401,2420.69
669.483,1153.8
669.564,624.713
669.646,453.787
669.728,317.532
669.809,299.433
669.891,246.272
669.972,271.865
670.054,202.185
670.135,204.4
670.217,208.616
670.298,213.932
670.38,207.768
670.461,203.404
670.543,192.196
670.625,159.618
670.706,136.538
670.788,123.174
670.869,125.986
670.951,120.392
671.032,104.518
671.114,80.2115
671.195,101.037
671.277,65.3317
671.358,53.3462
671.44,61.6899
671.521,36.0151
671.603,54.6547
671.684,59.4237
671.766,44.4624
671.847,32.5924
671.929,52.9448
672.01,33.8669
672.092,34.7115
672.173,44.5799
672.255,27.4211
672.336,38.5655
672.418,33.2808
672.499,13.8841
672.581,34.6135
672.662,14.8351
672.744,36.3133
672.825,35.6599
672.907,31.7082
672.988,42.2416
673.07,37.596
673.151,22.7676
673.233,49.3549
673.314,43.5896
673.396,44.3207
673.477,36.054
673.559,24.6984
673.64,32.6169
673.722,13.2648
673.803,24.3499
673.885,33.0582
673.966,32.9562
674.047,44.9608
674.129,40.4383
674.21,42.2555
674.292,42.951
674.373,64.666
674.455,30.0384
674.536,26.6524
674.618,30.0828
674.699,49.3096
674.781,49.3675
674.862,34.0428
674.943,56.2669
675.025,38.0516
675.106,57.571
675.188,62.5549
675.269,31.6781
675.351,51.6724
675.432,56.9672
675.514,59.4761
675.595,51.6461
675.676,61.7384
675.758,74.6966
675.839,43.9041
675.921,71.6996
676.002,36.4423
676.084,38.3772
676.165,45.1942
676.246,56.3198
676.328,41.7318
676.409,32.3129
676.491,24.4789
676.572,48.4811
676.653,36.5025
676.735,34.9954
676.816,27.5689
676.898,24.7309
676.979,30.8999
677.06,24.0072
677.142,19.4941
677.223,31.2483
677.305,24.297
677.386,28.5824
677.467,46.6141
677.549,40.2576
677.63,12.5199
677.712,19.5234
677.793,32.0317
677.874,35.8544
677.956,37.9995
678.037,34.0069
678.119,27.3857
678.2,34.1028
678.281,12.9638
678.363,13.1594
678.444,49.4569
678.525,24.3876
678.607,42.0843
678.688,0.929212
678.77,11.917
678.851,15.075
678.932,28.8089
679.014,38.5498
679.095,37.1976
679.176,42.1371
679.258,32.2658
679.339,43.1606
679.42,41.8841
679.502,54.1717
679.583,40.7675
679.664,42.4428
679.746,47.131
679.827,37.1464
679.909,41.1702
679.99,53.222
680.071,38.3139
680.153,47.0481
680.234,60.4301
680.315,45.7453
680.397,30.9037
680.478,42.0789
680.559,29.0245
680.641,49.0881
680.722,45.6672
680.803,40.8275
680.885,32.936
680.966,49.0048
681.047,23.4823
681.128,36.1256
681.21,30.9847
681.291,30.9046
681.372,31.704
681.454,36.5257
681.535,36.3653
681.616,27.2404
681.698,33.3743
681.779,32.6397
681.86,34.7995
681.942,29.9849
682.023,35.3108
682.104,24.5409
682.186,31.1102
682.267,45.4699
682.348,24.0209
682.429,21.2862
682.511,33.2472
682.592,24.6696
682.673,26.2134
682.755,35.6468
682.836,27.1656
682.917,30.0158
682.998,20.2024
683.08,37.5294
683.161,31.144
683.242,25.6769
683.324,32.6705
683.405,19.7033
683.486,37.7186
683.567,20.9841
683.649,24.63
683.73,32.281
683.811,21.6704
683.892,32.5501
683.974,38.5027
684.055,16.7689
684.136,42.7381
684.217,34.994
684.299,34.9428
684.38,13.3979
684.461,17.6292
684.542,29.3589
684.624,22.9822
684.705,20.7546
684.786,18.6046
684.867,29.7625
684.949,14.7381
685.03,49.7384
685.111,24.4651
685.192,32.8675
685.274,17.3969
685.355,15.1153
685.436,53.3498
685.517,17.3578
685.599,26.4331
685.68,26.2635
685.761,23.633
685.842,7.90581
685.923,16.9419
686.005,9.4698
686.086,0.0
686.167,11.3862
686.248,28.9211
686.33,7.23929
686.411,19.8977
686.492,20.2548
686.573,8.42723
686.654,15.1603
686.736,9.54166
686.817,34.5197
686.898,37.047
686.979,9.6088
687.06,19.3324
687.142,2.5566
687.223,3.33557
687.304,30.2955
687.385,23.896
687.466,12.2147
687.548,6.39433
687.629,17.7086
687.71,8.57485
687.791,0.0
687.872,11.2715
687.953,7.13702
688.035,15.1673
688.116,0.0
688.197,22.6312
688.278,4.59841
688.359,9.77091
688.441,35.1388
688.522,8.91406
688.603,13.916
688.684,0.0
688.765,16.026
688.846,18.9401
688.928,2.97611
689.009,7.33769
689.09,10.3425
689.171,0.0
689.252,5.10403
689.333,7.3075
689.414,11.3603
689.496,18.6399
689.577,6.1622
689.658,3.61648
689.739,0.0
689.82,16.684
689.901,8.02564
689.982,0.0
690.064,9.9921
690.145,14.3321
690.226,0.0
690.307,29.8811
690.388,4.21618
690.469,0.0
690.55,18.8925
690.632,0.0
690.713,14.3721
690.794,0.0
690.875,0.0
690.956,20.3457
691.037,9.04416
691.118,23.6726
691.199,29.7005
691.28,4.04153
691.362,19.6623
691.443,22.0136
691.524,13.568
691.605,20.5021
691.686,10.2917
691.767,0.0
691.848,0.0
691.929,6.75173
692.01,17.6028
692.091,0.0
692.173,29.8929
692.254,0.0
692.335,0.0
692.416,0.0
692.497,0.0
692.578,2.53152
692.659,0.0
692.74,18.7189
692.821,18.4757
692.902,6.37307
692.983,6.79261
693.065,10.1565
693.146,26.6743
693.227,8.36394
693.308,19.2194
693.389,9.19714
693.47,8.82725
693.551,14.4091
693.632,0.152413
693.713,15.4585
693.794,17.0289
693.875,7.44908
693.956,7.77595
694.037,3.34522
694.118,5.45447
694.199,10.1062
694.28,6.38005
694.362,0.0
694.443,13.212
694.524,0.0
694.605,7.18197
694.686,12.3105
694.767,1.52128
694.848,23.5868
694.929,0.0
695.01,9.22776
695.091,15.6364
695.172,6.65483
695.253,0.0
695.334,1.30622
695.415,16.4854
695.496,0.0
695.577,0.0
695.658,8.22657
695.739,11.8071
695.82,11.8628
695.901,17.5903
695.982,0.0
696.063,4.82241
696.144,3.12626
696.225,0.0
696.306,5.84524
696.387,12.9921
696.468,12.6429
696.549,14.9248
696.63,19.1891
696.711,0.0
696.792,0.0
696.873,6.92338
696.954,16.8006
697.035,12.4496
697.116,7.59326
697.197,15.9117
697.278,6.99531
697.359,0.0
697.44,7.72568
697.521,12.2863
697.602,5.60428
697.683,19.1719
697.764,0.0
697.845,0.0
697.926,0.172818
698.007,10.7467
698.088,16.0949
698.169,23.1158
698.25,1.55476
698.331,23.2787
698.412,0.0
698.493,10.3424
698.574,13.5216
698.655,12.1939
698.736,23.4692
698.817,1.52273
698.898,0.88747
698.979,0.0
699.06,10.5529
699.141,7.45832
699.221,8.0029
699.302,0.0
699.383,22.5048
699.464,9.86547
699.545,10.3779
699.626,0.0
699.707,16.7947
699.788,21.1779
699.869,19.253
699.95,14.3856
700.031,16.5568
700.112,11.069
700.193,16.0121
700.274,14.18
700.355,27.3947
700.436,12.5449
700.516,8.51887
700.597,8.92657
700.678,0.0
700.759,20.9804
700.84,3.20163
700.921,0.0
701.002,1.73327
701.083,15.0784
701.164,20.7373
701.245,0.955027
701.326,0.0
701.407,20.0722
701.487,3.00122
701.568,20.7368
701.649,19.8079
701.73,22.3306
701.811,35.0573
701.892,52.8116
701.973,53.7238
702.054,42.3239
702.135,53.2663
702.215,0.997265
702.296,12.2639
702.377,24.9247
702.458,0.0
702.539,21.1751
702.62,18.9694
702.701,0.0
702.782,6.86978
702.863,5.23391
702.943,2.68508
703.024,7.39458
703.105,0.0
703.186,0.0
703.267,0.0
703.348,30.0356
703.429,0.0
703.509,0.0
703.59,0.0
703.671,0.0
703.752,0.0
703.833,0.0
703.914,0.0
703.995,0.0
704.075,0.0
704.156,0.0
704.237,0.0
704.318,0.0
704.399,0.0
704.48,0.0
704.561,0.0
704.641,0.0
704.722,0.0
704.803,0.0
704.884,0.0
704.965,0.0
705.046,0.0
705.126,0.0
705.207,0.0
705.288,0.0
705.369,0.0
705.45,0.0
705.531,0.0
705.611,0.0
705.692,0.0
705.773,0.0
705.854,0.0
705.935,0.0
706.015,0.0
706.096,0.0
706.177,0.0
706.258,0.0
706.339,0.0
706.419,0.0
706.5,0.0
706.581,0.0
706.662,0.0
706.743,0.0
706.823,0.0
706.904,0.0
706.985,0.0
707.066,0.0
707.147,0.0
707.227,0.0
707.308,0.0
707.389,0.0
707.47,0.0
707.551,0.0
707.631,0.0
707.712,0.0
707.793,0.0
707.874,0.0
707.954,0.0
708.035,0.0
708.116,0.0
708.197,0.0
708.277,0.0
708.358,0.0
708.439,0.0
708.52,0.0
708.601,0.0
708.681,0.0
708.762,0.0
708.843,0.0
708.924,0.0
709.004,0.0
709.085,0.0
709.166,0.0
709.247,0.0
709.327,0.0
709.408,0.0
709.489,0.0
709.569,0.0
709.65,0.0
709.731,0.0
709.812,0.0
709.892,0.0
709.973,0.0
710.054,0.0
710.135,0.0
710.215,0.0
710.296,0.0
710.377,0.0
710.457,0.0
710.538,0.0
710.619,0.0
710.7,0.0
710.78,0.0
710.861,0.0
710.942,0.0
711.022,0.0
711.103,0.0
711.184,0.0
711.265,0.0
711.345,0.0
711.426,0.0
711.507,0.0
711.587,0.0
711.668,0.0
711.749,0.0
711.829,0.0
711.91,0.0
711.991,0.0
712.072,0.0
712.152,0.0
712.233,0.0
712.314,0.0
712.394,0.0
712.475,0.0
712.556,0.0
712.636,0.0
712.717,0.0
712.798,0.0
712.878,0.0
712.959,0.0
