Î»,alta_E
394.019,0.0
394.106,2.53727
394.192,0.0
394.279,0.0
394.366,0.0796677
394.453,0.0
394.54,7.1794
394.627,0.0
394.714,2.53727
394.801,0.0
394.888,63.8561
394.975,74.821
395.062,81.2592
395.149,55.1075
395.236,116.642
395.323,69.2885
395.41,77.0211
395.497,71.1915
395.584,103.176
395.671,32.032
395.758,58.7104
395.845,36.5196
395.932,58.2162
396.019,172.3
396.105,249.464
396.192,258.925
396.279,245.221
396.366,247.748
396.453,211.172
396.54,226.824
396.627,232.87
396.714,305.831
396.801,280.682
396.888,259.982
396.975,323.595
397.062,308.767
397.149,368.598
397.235,307.837
397.322,364.163
397.409,380.113
397.496,394.551
397.583,402.442
397.67,478.01
397.757,446.642
397.844,517.907
397.931,521.234
398.018,566.101
398.105,628.541
398.191,627.71
398.278,739.227
398.365,763.276
398.452,813.072
398.539,890.998
398.626,912.373
398.713,1007.07
398.8,1030.79
398.887,1124.39
398.973,1170.45
399.06,1331.54
399.147,1389.33
399.234,1529.4
399.321,1605.45
399.408,1706.01
399.495,1867.92
399.582,1888.38
399.668,1939.66
399.755,2039.79
399.842,2165.68
399.929,2051.65
400.016,1818.98
400.103,1401.1
400.19,953.801
400.276,452.144
400.363,200.275
400.45,176.759
400.537,207.697
400.624,169.33
400.711,154.133
400.798,170.669
400.884,165.991
400.971,117.871
401.058,163.048
401.145,133.081
401.232,174.326
401.319,129.878
401.405,160.179
401.492,158.332
401.579,177.63
401.666,156.974
401.753,186.928
401.84,146.049
401.926,146.964
402.013,179.572
402.1,179.245
402.187,164.685
402.274,182.832
402.36,192.949
402.447,187.782
402.534,216.719
402.621,208.658
402.708,265.748
402.795,229.474
402.881,257.852
402.968,256.008
403.055,290.312
403.142,312.926
403.229,298.244
403.315,312.713
403.402,337.614
403.489,343.383
403.576,353.099
403.663,382.568
403.749,431.309
403.836,456.331
403.923,470.874
404.01,481.634
404.096,520.788
404.183,559.616
404.27,581.414
404.357,631.333
404.444,652.855
404.53,718.869
404.617,798.269
404.704,858.986
404.791,865.362
404.877,969.205
404.964,944.452
405.051,995.952
405.138,1101.9
405.224,1183.66
405.311,1280.69
405.398,1355.95
405.485,1483.79
405.572,1593.93
405.658,1611.45
405.745,1643.21
405.832,1854.06
405.919,1991.26
406.005,1976.8
406.092,1909.38
406.179,1528.91
406.266,1039.33
406.352,625.709
406.439,339.606
406.526,218.769
406.612,183.06
406.699,209.922
406.786,156.835
406.873,187.678
406.959,169.388
407.046,183.486
407.133,185.062
407.22,188.0
407.306,170.146
407.393,196.373
407.48,191.43
407.566,222.492
407.653,213.744
407.74,274.429
407.827,232.831
407.913,250.395
408.0,275.02
408.087,261.115
408.173,304.386
408.26,296.359
408.347,317.316
408.434,292.973
408.52,335.405
408.607,337.299
408.694,310.927
408.78,355.79
408.867,384.164
408.954,393.849
409.04,430.908
409.127,413.6
409.214,445.666
409.3,472.158
409.387,462.456
409.474,490.191
409.56,464.36
409.647,433.989
409.734,340.926
409.821,312.478
409.907,211.364
409.994,193.964
410.081,175.41
410.167,204.238
410.254,168.663
410.341,164.841
410.427,235.603
410.514,245.83
410.6,198.149
410.687,211.7
410.774,227.406
410.86,195.077
410.947,190.634
411.034,200.656
411.12,199.467
411.207,206.731
411.294,218.513
411.38,230.342
411.467,248.844
411.554,163.3
411.64,235.406
411.727,231.98
411.814,216.709
411.9,235.216
411.987,268.652
412.073,270.295
412.16,291.533
412.247,255.886
412.333,307.206
412.42,302.7
412.507,348.89
412.593,381.455
412.68,379.725
412.766,385.429
412.853,427.41
412.94,437.72
413.026,462.997
413.113,485.501
413.2,505.597
413.286,504.857
413.373,549.106
413.459,561.778
413.546,518.724
413.633,619.747
413.719,616.213
413.806,659.4
413.892,731.016
413.979,804.046
414.066,788.938
414.152,835.569
414.239,834.56
414.325,822.391
414.412,680.577
414.498,516.976
414.585,434.979
414.672,337.865
414.758,320.578
414.845,311.545
414.931,320.208
415.018,341.34
415.104,318.569
415.191,328.484
415.278,323.912
415.364,364.204
415.451,356.948
415.537,306.368
415.624,322.598
415.71,311.146
415.797,319.818
415.884,347.115
415.97,287.556
416.057,338.319
416.143,283.504
416.23,321.456
416.316,338.054
416.403,306.832
416.489,357.307
416.576,342.514
416.663,415.581
416.749,389.851
416.836,505.502
416.922,414.195
417.009,450.192
417.095,394.089
417.182,379.152
417.268,407.746
417.355,416.598
417.441,397.787
417.528,402.647
417.614,415.513
417.701,457.451
417.787,496.028
417.874,546.935
417.96,572.368
418.047,588.511
418.133,635.924
418.22,651.563
418.307,682.95
418.393,638.969
418.48,710.303
418.566,661.132
418.653,699.916
418.739,716.175
418.826,758.99
418.912,742.996
418.999,822.837
419.085,815.183
419.172,872.15
419.258,848.695
419.345,922.084
419.431,1000.23
419.518,1057.06
419.604,1059.53
419.69,1184.81
419.777,1255.22
419.863,1353.38
419.95,1472.03
420.036,1645.31
420.123,1625.66
420.209,1571.62
420.296,1420.19
420.382,1098.69
420.469,863.48
420.555,598.562
420.642,491.61
420.728,357.183
420.815,395.033
420.901,428.626
420.988,455.125
421.074,407.218
421.16,425.401
421.247,463.458
421.333,493.699
421.42,534.561
421.506,512.572
421.593,538.885
421.679,537.224
421.766,577.531
421.852,556.286
421.939,496.54
422.025,455.178
422.111,503.086
422.198,493.397
422.284,505.102
422.371,548.818
422.457,547.795
422.544,543.276
422.63,576.799
422.716,584.117
422.803,618.041
422.889,606.425
422.976,605.959
423.062,561.377
423.149,632.268
423.235,660.005
423.321,723.583
423.408,768.752
423.494,888.514
423.581,965.662
423.667,1153.66
423.753,1191.06
423.84,1161.6
423.926,1100.44
424.013,892.215
424.099,702.797
424.185,550.451
424.272,460.933
424.358,512.997
424.445,535.199
424.531,519.121
424.617,554.9
424.704,556.971
424.79,599.122
424.877,677.583
424.963,690.079
425.049,714.263
425.136,697.453
425.222,783.524
425.308,804.985
425.395,877.564
425.481,938.293
425.568,1045.99
425.654,1028.56
425.74,1084.11
425.827,1160.56
425.913,1281.08
425.999,1316.8
426.086,1391.08
426.172,1499.72
426.258,1593.84
426.345,1643.04
426.431,1804.39
426.518,1872.49
426.604,2011.83
426.69,2163.69
426.777,2243.25
426.863,2331.25
426.949,2447.4
427.036,2370.85
427.122,2228.81
427.208,1956.06
427.295,1615.31
427.381,1443.18
427.467,1383.73
427.554,1580.99
427.64,1853.55
427.726,2258.61
427.813,2579.18
427.899,2826.84
427.985,2807.57
428.072,2391.87
428.158,1764.44
428.244,1192.13
428.331,585.401
428.417,222.355
428.503,166.848
428.59,167.081
428.676,212.723
428.762,182.627
428.849,177.462
428.935,183.085
429.021,169.658
429.107,184.291
429.194,177.822
429.28,208.516
429.366,160.001
429.453,189.694
429.539,203.325
429.625,205.02
429.712,187.334
429.798,182.097
429.884,170.155
429.97,173.864
430.057,194.247
430.143,180.296
430.229,175.94
430.316,187.441
430.402,184.866
430.488,162.751
430.574,202.782
430.661,204.629
430.747,182.855
430.833,242.153
430.919,203.432
431.006,208.765
431.092,194.483
431.178,207.903
431.264,193.136
431.351,236.026
431.437,227.735
431.523,220.238
431.61,210.639
431.696,299.384
431.782,244.763
431.868,256.353
431.955,282.029
432.041,299.647
432.127,292.919
432.213,296.248
432.3,340.91
432.386,349.164
432.472,378.225
432.558,380.443
432.644,393.101
432.731,410.3
432.817,450.547
432.903,441.219
432.989,459.018
433.076,475.173
433.162,492.615
433.248,535.455
433.334,536.075
433.421,582.891
433.507,629.568
433.593,624.735
433.679,640.37
433.765,704.826
433.852,675.848
433.938,783.165
434.024,796.303
434.11,871.401
434.196,944.273
434.283,1052.73
434.369,1071.73
434.455,1136.99
434.541,1058.81
434.627,1026.01
434.714,927.852
434.8,678.121
434.886,534.733
434.972,440.397
435.058,341.878
435.145,378.223
435.231,368.1
435.317,416.803
435.403,418.05
435.489,461.897
435.576,445.634
435.662,479.019
435.748,457.124
435.834,425.191
435.92,363.358
436.006,305.911
436.093,243.523
436.179,205.471
436.265,199.662
436.351,169.381
436.437,160.068
436.523,113.383
436.61,160.287
436.696,168.283
436.782,163.263
436.868,223.545
436.954,152.531
437.04,152.885
437.126,207.034
437.213,158.278
437.299,199.579
437.385,190.214
437.471,165.982
437.557,193.704
437.643,229.53
437.729,176.626
437.816,221.133
437.902,181.442
437.988,205.886
438.074,197.495
438.16,168.437
438.246,200.655
438.332,235.108
438.419,214.75
438.505,213.954
438.591,220.021
438.677,207.194
438.763,221.972
438.849,213.499
438.935,240.963
439.021,240.048
439.107,198.464
439.194,220.89
439.28,241.841
439.366,228.145
439.452,220.513
439.538,270.293
439.624,245.363
439.71,251.424
439.796,288.126
439.882,304.039
439.969,268.257
440.055,294.121
440.141,302.064
440.227,332.618
440.313,322.725
440.399,330.415
440.485,338.481
440.571,354.881
440.657,373.694
440.743,363.801
440.829,343.175
440.915,393.39
441.002,371.404
441.088,450.45
441.174,427.381
441.26,473.692
441.346,530.003
441.432,585.303
441.518,564.322
441.604,549.737
441.69,595.154
441.776,541.136
441.862,462.269
441.948,337.874
442.034,281.136
442.12,209.789
442.206,164.494
442.292,162.144
442.379,192.363
442.465,159.028
442.551,154.846
442.637,186.821
442.723,184.742
442.809,195.295
442.895,185.999
442.981,191.999
443.067,179.711
443.153,181.283
443.239,191.197
443.325,204.061
443.411,184.938
443.497,186.064
443.583,197.391
443.669,186.702
443.755,235.471
443.841,208.853
443.927,223.017
444.013,239.741
444.099,213.842
444.185,244.276
444.271,269.413
444.357,270.252
444.443,277.659
444.529,267.602
444.615,254.592
444.701,262.263
444.787,296.621
444.873,326.745
444.959,293.55
445.045,328.45
445.131,333.423
445.217,322.8
445.303,329.313
445.389,308.852
445.475,307.78
445.561,316.134
445.647,306.012
445.733,281.512
445.819,303.89
445.905,332.963
445.991,307.642
446.077,347.932
446.163,338.582
446.249,283.783
446.335,347.592
446.421,349.809
446.507,315.853
446.593,351.784
446.679,379.003
446.765,376.779
446.851,348.535
446.937,372.799
447.023,367.995
447.109,384.079
447.195,367.402
447.281,403.078
447.367,386.038
447.452,393.296
447.538,413.12
447.624,401.274
447.71,417.929
447.796,454.671
447.882,458.502
447.968,446.802
448.054,482.572
448.14,488.451
448.226,465.668
448.312,496.198
448.398,511.46
448.484,607.263
448.57,649.865
448.656,685.518
448.742,732.063
448.827,763.687
448.913,749.39
448.999,825.175
449.085,778.329
449.171,713.259
449.257,600.548
449.343,466.132
449.429,374.713
449.515,278.274
449.601,278.011
449.687,244.435
449.773,296.288
449.858,240.874
449.944,248.102
450.03,254.87
450.116,264.773
450.202,265.625
450.288,243.245
450.374,289.701
450.46,288.67
450.546,271.086
450.632,250.192
450.717,228.978
450.803,250.882
450.889,326.538
450.975,255.821
451.061,288.638
451.147,289.597
451.233,278.979
451.319,266.596
451.404,260.369
451.49,281.872
451.576,298.581
451.662,305.939
451.748,302.587
451.834,310.988
451.92,285.785
452.006,274.313
452.091,238.875
452.177,246.529
452.263,265.78
452.349,228.126
452.435,313.872
452.521,228.179
452.607,241.056
452.692,246.877
452.778,312.211
452.864,282.538
452.95,270.754
453.036,276.525
453.122,303.603
453.207,294.172
453.293,314.118
453.379,321.38
453.465,308.477
453.551,266.089
453.637,262.304
453.722,270.275
453.808,319.059
453.894,270.363
453.98,305.926
454.066,294.227
454.152,294.706
454.237,338.679
454.323,304.476
454.409,339.037
454.495,278.922
454.581,332.436
454.666,357.917
454.752,377.895
454.838,393.528
454.924,362.006
455.01,391.761
455.096,375.607
455.181,409.458
455.267,431.496
455.353,454.154
455.439,475.728
455.525,466.012
455.61,449.476
455.696,480.174
455.782,483.26
455.868,470.917
455.953,427.969
456.039,413.387
456.125,413.21
456.211,434.801
456.297,476.571
456.382,468.315
456.468,521.766
456.554,536.062
456.64,568.905
456.725,547.77
456.811,557.328
456.897,614.886
456.983,644.48
457.069,675.642
457.154,704.13
457.24,753.603
457.326,760.494
457.412,803.419
457.497,778.421
457.583,717.913
457.669,677.043
457.755,498.363
457.84,400.236
457.926,329.468
458.012,308.008
458.098,316.047
458.183,313.469
458.269,295.544
458.355,272.093
458.441,283.12
458.526,268.233
458.612,342.368
458.698,319.78
458.784,288.927
458.869,297.977
458.955,329.963
459.041,328.857
459.126,334.509
459.212,352.97
459.298,318.155
459.384,351.175
459.469,355.968
459.555,379.812
459.641,342.745
459.726,439.082
459.812,411.856
459.898,455.266
459.984,529.257
460.069,525.325
460.155,502.195
460.241,519.358
460.326,470.273
460.412,348.545
460.498,329.907
460.584,356.815
460.669,303.75
460.755,263.975
460.841,288.229
460.926,288.439
461.012,260.271
461.098,283.816
461.183,307.143
461.269,254.003
461.355,302.259
461.44,298.926
461.526,269.245
461.612,292.189
461.697,299.558
461.783,294.852
461.869,305.436
461.954,290.161
462.04,353.328
462.126,302.715
462.211,349.74
462.297,346.596
462.383,361.76
462.468,325.77
462.554,336.826
462.64,315.985
462.725,353.036
462.811,352.312
462.897,327.786
462.982,373.098
463.068,379.006
463.154,382.417
463.239,388.844
463.325,375.958
463.411,392.884
463.496,408.901
463.582,472.84
463.668,456.508
463.753,480.556
463.839,483.355
463.924,462.848
464.01,445.015
464.096,511.158
464.181,452.717
464.267,518.866
464.353,490.195
464.438,510.943
464.524,533.414
464.609,597.739
464.695,608.644
464.781,636.438
464.866,716.053
464.952,751.843
465.038,762.338
465.123,777.011
465.209,853.656
465.294,855.678
465.38,766.075
465.466,708.561
465.551,619.804
465.637,468.737
465.722,383.164
465.808,351.515
465.894,364.941
465.979,341.273
466.065,380.893
466.15,388.405
466.236,392.778
466.321,408.311
466.407,442.828
466.493,470.472
466.578,465.274
466.664,506.065
466.749,510.333
466.835,470.007
466.921,447.294
467.006,430.623
467.092,367.378
467.177,300.099
467.263,308.028
467.348,255.437
467.434,272.516
467.52,268.693
467.605,277.684
467.691,268.192
467.776,327.691
467.862,297.636
467.947,307.078
468.033,317.148
468.118,313.811
468.204,330.079
468.29,317.686
468.375,342.378
468.461,359.506
468.546,393.837
468.632,355.555
468.717,384.584
468.803,378.743
468.888,390.932
468.974,407.188
469.059,386.685
469.145,408.38
469.23,393.856
469.316,411.947
469.401,429.296
469.487,419.738
469.573,431.079
469.658,491.7
469.744,434.789
469.829,440.593
469.915,451.757
470.0,471.316
470.086,472.612
470.171,456.591
470.257,488.104
470.342,498.282
470.428,530.659
470.513,516.654
470.599,623.779
470.684,701.573
470.77,799.792
470.855,873.985
470.941,983.763
471.026,1042.16
471.112,1032.43
471.197,936.293
471.283,787.74
471.368,589.393
471.454,415.227
471.539,293.124
471.625,298.704
471.71,296.441
471.796,340.575
471.881,353.117
471.967,350.025
472.052,399.744
472.137,426.087
472.223,398.839
472.308,437.951
472.394,368.165
472.479,391.532
472.565,360.352
472.65,279.8
472.736,219.081
472.821,222.047
472.907,209.764
472.992,190.568
473.078,213.668
473.163,233.841
473.248,231.606
473.334,263.212
473.419,236.297
473.505,235.248
473.59,224.328
473.676,261.595
473.761,271.984
473.847,246.011
473.932,263.844
474.017,242.982
474.103,254.163
474.188,259.678
474.274,278.444
474.359,275.164
474.445,266.101
474.53,297.786
474.616,328.197
474.701,294.593
474.786,324.555
474.872,275.425
474.957,320.484
475.043,281.45
475.128,300.681
475.213,285.951
475.299,301.213
475.384,299.364
475.47,283.893
475.555,291.976
475.64,302.051
475.726,311.435
475.811,289.997
475.897,279.577
475.982,283.896
476.067,251.136
476.153,341.188
476.238,324.159
476.324,302.514
476.409,263.04
476.494,288.143
476.58,283.65
476.665,262.465
476.751,314.506
476.836,281.679
476.921,281.834
477.007,289.307
477.092,250.258
477.178,280.523
477.263,244.484
477.348,230.963
477.434,282.614
477.519,277.965
477.604,249.204
477.69,234.362
477.775,266.575
477.86,234.548
477.946,302.094
478.031,258.171
478.117,262.169
478.202,233.182
478.287,266.966
478.373,244.207
478.458,240.562
478.543,267.301
478.629,245.069
478.714,251.77
478.799,299.911
478.885,282.309
478.97,275.223
479.055,313.523
479.141,317.256
479.226,302.887
479.311,282.905
479.397,310.05
479.482,294.191
479.567,286.076
479.653,275.543
479.738,313.682
479.823,312.459
479.909,329.31
479.994,317.144
480.079,335.327
480.165,346.903
480.25,318.611
480.335,328.205
480.421,306.635
480.506,322.749
480.591,324.395
480.677,394.404
480.762,382.752
480.847,388.671
480.932,400.361
481.018,428.301
481.103,452.932
481.188,434.577
481.274,461.459
481.359,451.619
481.444,476.29
481.53,482.274
481.615,434.901
481.7,383.944
481.785,340.411
481.871,354.457
481.956,305.51
482.041,284.78
482.127,240.135
482.212,272.278
482.297,242.133
482.382,302.728
482.468,269.162
482.553,306.417
482.638,273.416
482.723,323.134
482.809,283.108
482.894,303.586
482.979,298.365
483.064,300.049
483.15,312.015
483.235,262.286
483.32,289.324
483.406,270.814
483.491,273.829
483.576,272.181
483.661,273.814
483.747,295.219
483.832,297.447
483.917,286.394
484.002,259.404
484.087,259.546
484.173,269.474
484.258,276.888
484.343,263.747
484.428,245.044
484.514,262.234
484.599,283.259
484.684,283.312
484.769,292.124
484.855,291.219
484.94,249.12
485.025,274.981
485.11,318.822
485.195,234.111
485.281,270.117
485.366,275.907
485.451,236.33
485.536,308.559
485.622,289.777
485.707,283.884
485.792,296.778
485.877,299.413
485.962,268.503
486.048,256.58
486.133,279.123
486.218,266.892
486.303,355.571
486.388,290.93
486.474,297.026
486.559,328.906
486.644,313.545
486.729,306.191
486.814,334.566
486.9,316.656
486.985,354.869
487.07,336.523
487.155,344.952
487.24,352.439
487.325,341.836
487.411,396.628
487.496,352.352
487.581,376.412
487.666,372.678
487.751,403.945
487.836,366.989
487.922,388.3
488.007,387.335
488.092,381.843
488.177,354.245
488.262,405.718
488.347,398.118
488.433,452.984
488.518,447.503
488.603,415.097
488.688,477.017
488.773,448.822
488.858,516.25
488.944,469.865
489.029,525.474
489.114,518.976
489.199,468.232
489.284,494.581
489.369,474.239
489.454,480.716
489.54,459.357
489.625,466.2
489.71,422.746
489.795,447.581
489.88,454.581
489.965,489.417
490.05,457.037
490.135,485.413
490.221,470.358
490.306,479.348
490.391,484.919
490.476,509.877
490.561,494.356
490.646,526.501
490.731,545.084
490.816,534.69
490.901,554.7
490.987,530.974
491.072,565.325
491.157,539.958
491.242,514.6
491.327,489.43
491.412,513.406
491.497,492.545
491.582,509.743
491.667,485.797
491.752,520.387
491.838,455.039
491.923,494.878
492.008,494.2
492.093,422.132
492.178,392.842
492.263,398.185
492.348,377.101
492.433,323.429
492.518,342.649
492.603,309.165
492.688,326.932
492.773,360.461
492.859,381.743
492.944,368.715
493.029,326.248
493.114,329.537
493.199,274.605
493.284,294.211
493.369,262.722
493.454,286.843
493.539,284.908
493.624,251.803
493.709,267.051
493.794,307.285
493.879,286.701
493.964,281.328
494.049,305.149
494.134,274.629
494.219,248.125
494.304,270.413
494.39,313.034
494.475,280.542
494.56,270.915
494.645,265.718
494.73,259.166
494.815,345.942
494.9,277.365
494.985,335.203
495.07,266.852
495.155,283.613
495.24,251.495
495.325,271.874
495.41,296.009
495.495,269.382
495.58,256.335
495.665,261.772
495.75,317.557
495.835,296.499
495.92,285.696
496.005,315.212
496.09,319.516
496.175,292.751
496.26,284.39
496.345,262.254
496.43,284.334
496.515,309.775
496.6,286.881
496.685,289.912
496.77,250.591
496.855,238.645
496.94,275.662
497.025,273.538
497.11,260.137
497.195,303.634
497.28,275.827
497.365,280.254
497.45,347.406
497.535,315.445
497.62,331.03
497.705,292.725
497.79,296.367
497.875,270.651
497.96,239.265
498.045,276.606
498.13,305.902
498.215,317.071
498.3,256.486
498.385,268.9
498.47,214.945
498.555,260.22
498.639,265.485
498.724,259.859
498.809,261.614
498.894,283.745
498.979,271.317
499.064,272.679
499.149,281.036
499.234,301.472
499.319,259.418
499.404,295.518
499.489,299.565
499.574,276.481
499.659,299.246
499.744,293.516
499.829,316.819
499.914,348.404
499.999,347.025
500.084,365.493
500.168,363.446
500.253,336.329
500.338,346.522
500.423,379.428
500.508,356.624
500.593,380.808
500.678,396.408
500.763,386.283
500.848,381.332
500.933,377.439
501.018,383.417
501.103,421.778
501.187,430.176
501.272,416.818
501.357,402.978
501.442,429.182
501.527,407.585
501.612,412.1
501.697,434.376
501.782,374.164
501.867,369.378
501.952,371.253
502.036,381.414
502.121,374.17
502.206,380.067
502.291,385.532
502.376,362.693
502.461,382.509
502.546,392.787
502.631,429.874
502.716,411.887
502.8,462.405
502.885,455.132
502.97,451.361
503.055,456.828
503.14,452.565
503.225,431.291
503.31,476.58
503.395,485.846
503.479,476.116
503.564,504.065
503.649,419.922
503.734,432.676
503.819,394.859
503.904,428.196
503.989,427.003
504.073,410.722
504.158,335.056
504.243,388.003
504.328,441.536
504.413,443.107
504.498,432.381
504.582,464.881
504.667,456.962
504.752,475.76
504.837,487.935
504.922,517.936
505.007,477.362
505.091,445.198
505.176,461.189
505.261,464.768
505.346,471.576
505.431,476.09
505.516,526.311
505.6,546.145
505.685,531.724
505.77,525.36
505.855,496.808
505.94,475.645
506.025,494.083
506.109,493.342
506.194,502.527
506.279,530.957
506.364,500.755
506.449,494.682
506.533,529.809
506.618,533.0
506.703,541.016
506.788,554.253
506.873,573.919
506.957,563.129
507.042,529.815
507.127,568.009
507.212,511.346
507.297,517.408
507.381,588.429
507.466,564.276
507.551,601.196
507.636,562.589
507.72,606.49
507.805,590.39
507.89,575.434
507.975,597.344
508.06,535.654
508.144,519.565
508.229,500.364
508.314,441.31
508.399,486.239
508.483,448.994
508.568,490.954
508.653,438.502
508.738,429.463
508.822,414.021
508.907,418.483
508.992,440.063
509.077,421.719
509.161,432.121
509.246,394.578
509.331,427.706
509.416,466.595
509.5,427.559
509.585,437.018
509.67,439.028
509.755,431.403
509.839,447.054
509.924,434.324
510.009,433.072
510.094,459.007
510.178,425.011
510.263,479.803
510.348,417.986
510.433,429.907
510.517,445.796
510.602,416.34
510.687,377.742
510.771,391.026
510.856,426.351
510.941,443.172
511.026,404.996
511.11,419.165
511.195,412.558
511.28,369.565
511.364,415.886
511.449,401.378
511.534,389.985
511.619,410.594
511.703,426.323
511.788,425.171
511.873,441.775
511.957,510.583
512.042,433.341
512.127,491.505
512.211,494.707
512.296,483.555
512.381,508.85
512.466,542.476
512.55,539.709
512.635,533.671
512.72,576.007
512.804,651.01
512.889,629.525
512.974,643.647
513.058,584.65
513.143,627.637
513.228,625.294
513.312,590.423
513.397,597.122
513.482,661.173
513.566,669.022
513.651,680.983
513.736,727.358
513.82,723.997
513.905,786.335
513.99,752.686
514.074,751.284
514.159,747.692
514.244,716.19
514.328,705.286
514.413,668.353
514.498,749.945
514.582,746.312
514.667,787.355
514.752,835.738
514.836,878.387
514.921,856.075
515.005,857.155
515.09,873.492
515.175,886.605
515.259,799.046
515.344,815.677
515.429,740.082
515.513,767.572
515.598,800.589
515.682,862.222
515.767,843.042
515.852,826.221
515.936,828.598
516.021,835.259
516.106,828.317
516.19,822.056
516.275,884.904
516.359,921.135
516.444,981.059
516.529,1000.03
516.613,1016.8
516.698,1037.94
516.782,1065.63
516.867,1029.99
516.952,1069.57
517.036,1016.01
517.121,919.653
517.205,878.318
517.29,898.155
517.375,909.591
517.459,919.451
517.544,1014.24
517.628,976.747
517.713,983.45
517.798,1004.38
517.882,1022.17
517.967,1053.44
518.051,1085.46
518.136,1114.67
518.22,1029.51
518.305,1040.99
518.39,1012.43
518.474,1009.95
518.559,1019.17
518.643,1069.54
518.728,984.481
518.812,908.581
518.897,781.723
518.982,762.003
519.066,771.748
519.151,753.5
519.235,828.625
519.32,852.774
519.404,850.684
519.489,902.701
519.573,893.08
519.658,884.731
519.743,889.067
519.827,875.787
519.912,821.507
519.996,811.491
520.081,782.752
520.165,737.393
520.25,730.457
520.334,790.772
520.419,746.921
520.503,813.365
520.588,795.703
520.672,815.964
520.757,819.949
520.841,863.026
520.926,851.408
521.011,864.543
521.095,882.64
521.18,838.077
521.264,802.686
521.349,832.983
521.433,860.844
521.518,892.559
521.602,886.503
521.687,830.641
521.771,744.235
521.856,622.332
521.94,526.396
522.025,544.824
522.109,502.704
522.194,524.53
522.278,513.773
522.363,532.306
522.447,553.714
522.532,559.552
522.616,543.406
522.701,541.532
522.785,553.913
522.87,577.712
522.954,581.444
523.039,546.312
523.123,528.931
523.207,482.681
523.292,433.673
523.376,392.672
523.461,418.488
523.545,461.243
523.63,463.73
523.714,431.562
523.799,441.993
523.883,472.202
523.968,496.658
524.052,465.193
524.137,524.149
524.221,518.359
524.306,537.564
524.39,494.99
524.474,513.91
524.559,580.063
524.643,525.843
524.728,487.138
524.812,467.913
524.897,414.595
524.981,385.994
525.066,389.181
525.15,390.449
525.234,415.863
525.319,465.043
525.403,443.277
525.488,455.426
525.572,448.443
525.657,423.61
525.741,416.613
525.825,468.833
525.91,449.302
525.994,453.827
526.079,439.667
526.163,405.374
526.248,423.897
526.332,437.903
526.416,390.761
526.501,438.861
526.585,406.247
526.67,409.337
526.754,409.475
526.838,402.843
526.923,387.474
527.007,421.816
527.092,412.54
527.176,395.872
527.26,384.162
527.345,434.075
527.429,406.452
527.514,445.297
527.598,489.951
527.682,437.975
527.767,449.336
527.851,450.342
527.936,393.18
528.02,379.542
528.104,346.825
528.189,351.936
528.273,349.03
528.358,353.953
528.442,345.45
528.526,278.854
528.611,315.191
528.695,369.774
528.779,366.988
528.864,359.446
528.948,350.831
529.032,358.553
529.117,363.792
529.201,374.636
529.286,365.107
529.37,359.784
529.454,330.433
529.539,326.258
529.623,343.631
529.707,353.532
529.792,327.187
529.876,330.212
529.96,337.021
530.045,385.943
530.129,347.421
530.213,337.034
530.298,324.017
530.382,364.823
530.466,376.126
530.551,378.2
530.635,391.517
530.719,408.286
530.804,445.199
530.888,451.358
530.972,464.607
531.057,473.339
531.141,420.521
531.225,426.66
531.31,380.808
531.394,379.756
531.478,372.844
531.563,391.11
531.647,377.819
531.731,410.149
531.816,350.065
531.9,377.15
531.984,385.849
532.068,365.324
532.153,403.404
532.237,405.767
532.321,381.091
532.406,396.365
532.49,401.701
532.574,377.625
532.659,419.016
532.743,443.762
532.827,482.757
532.911,432.825
532.996,475.468
533.08,484.317
533.164,482.269
533.249,526.394
533.333,523.523
533.417,583.61
533.501,552.912
533.586,585.542
533.67,532.312
533.754,624.504
533.838,638.987
533.923,704.073
534.007,729.197
534.091,773.641
534.175,801.269
534.26,947.244
534.344,879.773
534.428,878.527
534.513,945.908
534.597,984.68
534.681,982.107
534.765,1050.28
534.85,1153.74
534.934,1194.98
535.018,1258.94
535.102,1336.77
535.187,1311.56
535.271,1368.19
535.355,1410.19
535.439,1481.42
535.523,1527.91
535.608,1562.23
535.692,1556.83
535.776,1465.76
535.86,1390.24
535.945,1388.13
536.029,1303.22
536.113,1431.34
536.197,1409.66
536.282,1417.77
536.366,1443.71
536.45,1447.01
536.534,1521.62
536.618,1605.36
536.703,1650.04
536.787,1739.54
536.871,1766.84
536.955,1816.06
537.039,1713.05
537.124,1649.26
537.208,1652.31
537.292,1634.73
537.376,1811.53
537.46,1943.09
537.545,1959.44
537.629,1761.82
537.713,1539.53
537.797,1381.4
537.881,1303.52
537.966,1337.22
538.05,1418.13
538.134,1441.53
538.218,1535.94
538.302,1564.24
538.386,1625.17
538.471,1691.53
538.555,1658.23
538.639,1741.73
538.723,1699.72
538.807,1697.9
538.892,1809.4
538.976,1834.36
539.06,1791.42
539.144,1748.24
539.228,1619.52
539.312,1473.7
539.397,1474.65
539.481,1477.15
539.565,1558.15
539.649,1503.36
539.733,1543.49
539.817,1524.71
539.901,1604.06
539.986,1671.83
540.07,1773.46
540.154,1793.67
540.238,1852.45
540.322,1852.93
540.406,1889.78
540.49,1793.21
540.575,1720.99
540.659,1692.01
540.743,1701.02
540.827,1878.32
540.911,2041.58
540.995,1941.04
541.079,1701.57
541.163,1502.94
541.248,1242.29
541.332,1158.5
541.416,1229.44
541.5,1301.01
541.584,1358.37
541.668,1402.89
541.752,1432.74
541.836,1531.84
541.921,1487.01
542.005,1536.67
542.089,1532.01
542.173,1542.38
542.257,1591.46
542.341,1629.67
542.425,1651.92
542.509,1689.99
542.593,1814.55
542.677,1489.56
542.762,1379.75
542.846,1308.88
542.93,1290.13
543.014,1411.71
543.098,1392.11
543.182,1381.7
543.266,1389.34
543.35,1385.46
543.434,1466.89
543.518,1472.15
543.602,1614.35
543.686,1623.37
543.771,1661.37
543.855,1655.44
543.939,1645.47
544.023,1606.42
544.107,1502.46
544.191,1505.6
544.275,1554.58
544.359,1735.91
544.443,1747.86
544.527,1702.73
544.611,1486.54
544.695,1219.31
544.779,1111.76
544.863,1007.48
544.947,1061.29
545.031,1104.33
545.115,1202.79
545.2,1207.61
545.284,1203.55
545.368,1247.54
545.452,1324.38
545.536,1346.15
545.62,1364.29
545.704,1383.46
545.788,1387.4
545.872,1468.8
545.956,1491.72
546.04,1529.66
546.124,1566.98
546.208,1536.63
546.292,1488.48
546.376,1333.51
546.46,1358.65
546.544,1365.8
546.628,1319.89
546.712,1320.34
546.796,1295.03
546.88,1317.34
546.964,1258.51
547.048,1372.58
547.132,1365.49
547.216,1480.54
547.3,1462.86
547.384,1492.47
547.468,1515.58
547.552,1555.09
547.636,1487.28
547.72,1408.43
547.804,1423.85
547.888,1387.17
547.972,1539.4
548.056,1602.78
548.14,1545.31
548.224,1390.64
548.308,1163.5
548.392,1077.84
548.476,979.645
548.56,1045.85
548.644,1055.36
548.728,1078.34
548.812,1087.36
548.896,1011.05
548.98,999.918
549.064,1026.76
549.148,1100.92
549.232,1052.83
549.316,1078.76
549.4,1099.99
549.484,1112.1
549.568,1111.45
549.652,1166.59
549.736,1201.64
549.819,1158.16
549.903,1131.94
549.987,1100.95
550.071,1043.4
550.155,992.9
550.239,1060.7
550.323,1100.08
550.407,1100.42
550.491,1180.38
550.575,1093.13
550.659,1109.14
550.743,1168.15
550.827,1202.83
550.911,1239.39
550.995,1263.7
551.079,1254.38
551.162,1279.09
551.246,1197.56
551.33,1194.76
551.414,1166.66
551.498,1202.85
551.582,1146.21
551.666,1246.52
551.75,1258.04
551.834,1306.27
551.918,1222.71
552.002,1075.69
552.086,975.992
552.17,921.053
552.253,993.705
552.337,956.927
552.421,917.287
552.505,886.503
552.589,908.658
552.673,902.78
552.757,947.049
552.841,1044.06
552.925,1031.36
553.008,972.801
553.092,883.14
553.176,839.476
553.26,726.149
553.344,739.283
553.428,775.652
553.512,808.137
553.596,810.346
553.68,790.722
553.763,763.715
553.847,674.003
553.931,719.53
554.015,651.507
554.099,724.13
554.183,642.611
554.267,653.016
554.351,648.03
554.434,693.998
554.518,670.121
554.602,716.546
554.686,781.166
554.77,771.987
554.854,732.526
554.938,795.885
555.021,832.416
555.105,765.663
555.189,781.556
555.273,719.902
555.357,715.297
555.441,759.577
555.524,782.878
555.608,821.023
555.692,797.419
555.776,729.882
555.86,632.207
555.944,606.722
556.027,614.698
556.111,605.694
556.195,649.09
556.279,637.951
556.363,629.612
556.447,652.268
556.53,667.529
556.614,711.887
556.698,637.75
556.782,644.267
556.866,566.445
556.949,655.821
557.033,656.54
557.117,685.601
557.201,712.994
557.285,678.023
557.369,716.929
557.452,662.195
557.536,569.509
557.62,600.878
557.704,526.158
557.788,471.926
557.871,499.027
557.955,552.351
558.039,494.225
558.123,515.415
558.206,513.264
558.29,504.803
558.374,475.678
558.458,465.379
558.542,475.735
558.625,494.257
558.709,505.846
558.793,515.018
558.877,535.888
558.961,523.167
559.044,500.769
559.128,474.995
559.212,479.972
559.296,521.86
559.379,509.343
559.463,559.442
559.547,560.081
559.631,599.537
559.714,496.507
559.798,468.151
559.882,451.649
559.966,444.386
560.049,436.867
560.133,437.179
560.217,449.369
560.301,470.165
560.384,436.124
560.468,479.905
560.552,479.198
560.636,446.843
560.719,435.192
560.803,442.745
560.887,461.235
560.971,484.303
561.054,503.876
561.138,479.118
561.222,510.928
561.305,496.071
561.389,514.985
561.473,476.733
561.557,518.574
561.64,534.816
561.724,613.636
561.808,533.465
561.892,516.577
561.975,521.33
562.059,428.156
562.143,426.953
562.226,482.574
562.31,425.229
562.394,463.594
562.477,471.87
562.561,497.642
562.645,499.594
562.729,486.72
562.812,468.743
562.896,492.169
562.98,500.053
563.063,486.877
563.147,472.446
563.231,460.859
563.314,455.776
563.398,505.827
563.482,458.334
563.565,485.646
563.649,475.49
563.733,468.813
563.817,478.718
563.9,491.806
563.984,467.478
564.068,460.626
564.151,427.147
564.235,429.37
564.319,443.851
564.402,428.634
564.486,441.983
564.57,424.711
564.653,400.395
564.737,441.045
564.821,433.595
564.904,447.74
564.988,420.952
565.071,463.953
565.155,489.092
565.239,445.988
565.322,480.308
565.406,428.568
565.49,430.711
565.573,461.696
565.657,459.26
565.741,474.202
565.824,430.648
565.908,436.184
565.992,426.398
566.075,446.327
566.159,480.379
566.242,529.59
566.326,503.44
566.41,498.116
566.493,473.54
566.577,536.736
566.661,467.012
566.744,427.321
566.828,425.394
566.911,466.055
566.995,501.753
567.079,467.039
567.162,464.632
567.246,489.929
567.329,487.749
567.413,558.509
567.497,549.521
567.58,507.723
567.664,505.664
567.747,496.365
567.831,524.958
567.915,539.691
567.998,538.996
568.082,513.132
568.165,530.488
568.249,560.989
568.333,555.388
568.416,557.039
568.5,564.574
568.583,590.683
568.667,528.122
568.751,536.099
568.834,528.742
568.918,541.142
569.001,554.511
569.085,596.477
569.168,529.615
569.252,582.186
569.336,594.941
569.419,544.945
569.503,562.71
569.586,630.399
569.67,618.199
569.753,624.212
569.837,641.309
569.92,687.36
570.004,646.144
570.088,626.602
570.171,697.088
570.255,674.533
570.338,742.36
570.422,742.616
570.505,761.696
570.589,778.401
570.672,756.586
570.756,865.24
570.839,931.146
570.923,972.489
571.007,1056.32
571.09,1048.78
571.174,1019.59
571.257,1019.49
571.341,1064.53
571.424,1053.24
571.508,1110.64
571.591,1150.97
571.675,1220.87
571.758,1343.13
571.842,1411.92
571.925,1438.94
572.009,1519.85
572.092,1628.68
572.176,1704.39
572.259,1818.16
572.343,1934.88
572.426,2031.53
572.51,2141.12
572.593,2277.16
572.677,2428.66
572.76,2526.76
572.844,2692.66
572.927,2849.9
573.011,2959.68
573.094,3092.94
573.178,3166.8
573.261,3281.24
573.345,3275.65
573.428,3370.07
573.512,3469.63
573.595,3568.71
573.679,3467.27
573.762,3226.23
573.846,3150.53
573.929,2885.22
574.013,2873.51
574.096,2985.6
574.18,3069.44
574.263,3183.84
574.347,3307.35
574.43,3446.15
574.514,3505.73
574.597,3600.59
574.68,3573.12
574.764,3598.14
574.847,3631.05
574.931,3797.9
575.014,3937.41
575.098,4009.4
575.181,3882.17
575.265,3603.39
575.348,3332.72
575.432,3204.96
575.515,3370.92
575.598,3675.88
575.682,4006.68
575.765,4078.11
575.849,3879.6
575.932,3362.37
576.016,2895.01
576.099,2372.46
576.182,2229.09
576.266,2242.0
576.349,2313.49
576.433,2468.44
576.516,2517.62
576.6,2676.74
576.683,2708.39
576.766,2835.2
576.85,2796.35
576.933,2815.98
577.017,2918.24
577.1,3094.72
577.184,3107.56
577.267,3248.08
577.35,3298.93
577.434,3523.73
577.517,3633.11
577.601,3788.89
577.684,4028.8
577.767,4120.01
577.851,4177.76
577.934,4435.12
578.018,4575.03
578.101,4630.81
578.184,4714.51
578.268,4783.83
578.351,4864.4
578.435,5049.28
578.518,5075.24
578.601,4751.94
578.685,4566.59
578.768,4157.45
578.851,4019.03
578.935,4184.29
579.018,4134.69
579.102,4355.75
579.185,4444.02
579.268,4565.56
579.352,4667.45
579.435,4700.07
579.518,4794.31
579.602,4895.46
579.685,4932.12
579.768,4975.12
579.852,5113.9
579.935,5293.07
580.019,5414.56
580.102,5050.23
580.185,4567.98
580.269,4146.18
580.352,4127.16
580.435,4328.67
580.519,4758.45
580.602,5115.63
580.685,5402.04
580.769,5019.94
580.852,4298.18
580.935,3431.9
581.019,2724.19
581.102,2369.2
581.185,2447.46
581.269,2651.67
581.352,2667.44
581.435,2780.36
581.519,2844.29
581.602,2976.28
581.685,2961.45
581.769,3081.27
581.852,3064.95
581.935,3099.03
582.019,3214.19
582.102,3248.67
582.185,3238.8
582.269,3378.73
582.352,3408.85
582.435,3503.47
582.518,3703.21
582.602,3824.62
582.685,3979.85
582.768,4197.55
582.852,4335.17
582.935,4456.33
583.018,4599.02
583.102,4641.12
583.185,4635.77
583.268,4778.6
583.351,4908.48
583.435,5150.54
583.518,5157.04
583.601,4840.8
583.685,4545.55
583.768,4253.96
583.851,4029.87
583.934,4054.05
584.018,4093.35
584.101,4312.44
584.184,4375.7
584.267,4540.27
584.351,4591.08
584.434,4748.48
584.517,4770.97
584.601,4894.81
584.684,4913.89
584.767,4947.27
584.85,5051.47
584.934,5167.9
585.017,5330.46
585.1,5199.57
585.183,4855.43
585.267,4369.16
585.35,4183.71
585.433,4100.09
585.516,4519.82
585.6,4850.04
585.683,5233.67
585.766,5351.41
585.849,4748.94
585.933,3965.74
586.016,3211.19
586.099,2472.17
586.182,2378.2
586.266,2581.89
586.349,2621.56
586.432,2692.98
586.515,2734.77
586.598,2910.59
586.682,2945.52
586.765,2993.21
586.848,3090.38
586.931,2992.03
587.015,3074.7
587.098,3263.93
587.181,3232.27
587.264,3266.04
587.347,3349.1
587.431,3416.06
587.514,3465.76
587.597,3641.96
587.68,3812.01
587.763,3987.28
587.847,4130.96
587.93,4284.12
588.013,4422.8
588.096,4609.47
588.179,4691.59
588.263,4732.93
588.346,4792.25
588.429,4884.0
588.512,4941.73
588.595,5132.22
588.678,5056.57
588.762,4870.41
588.845,4504.71
588.928,4261.95
589.011,4022.55
589.094,4061.58
589.178,4169.82
589.261,4343.95
589.344,4471.25
589.427,4548.04
589.51,4621.68
589.593,4730.59
589.677,4705.96
589.76,4845.98
589.843,4802.01
589.926,4786.2
590.009,4922.56
590.092,5011.53
590.176,4987.03
590.259,5152.57
590.342,4818.45
590.425,4364.34
590.508,4038.02
590.591,3931.4
590.674,4168.67
590.758,4520.77
590.841,4927.12
590.924,5147.21
591.007,4838.38
591.09,4171.44
591.173,3248.4
591.256,2563.39
591.339,2112.66
591.423,2144.48
591.506,2251.43
591.589,2241.63
591.672,2363.09
591.755,2442.55
591.838,2530.32
591.921,2586.58
592.004,2623.54
592.088,2609.41
592.171,2605.05
592.254,2629.64
592.337,2739.38
592.42,2745.38
592.503,2788.25
592.586,2777.69
592.669,2807.74
592.752,2976.91
592.836,3016.81
592.919,3187.54
593.002,3286.01
593.085,3484.91
593.168,3618.44
593.251,3701.24
593.334,3907.68
593.417,3849.99
593.5,3992.54
593.583,4029.72
593.666,4125.74
593.75,4186.48
593.833,4291.07
593.916,4380.95
593.999,4412.56
594.082,4083.81
594.165,3794.13
594.248,3542.08
594.331,3373.66
594.414,3450.65
594.497,3552.8
594.58,3646.26
594.663,3845.93
594.746,3769.26
594.829,3875.08
594.913,3858.44
594.996,3873.17
595.079,4077.19
595.162,4243.13
595.245,4182.11
595.328,4250.65
595.411,4466.77
595.494,4314.37
595.577,4473.97
595.66,4235.62
595.743,3874.09
595.826,3626.71
595.909,3534.9
595.992,3505.77
596.075,3933.47
596.158,4238.53
596.241,4442.6
596.324,4388.66
596.407,3783.09
596.49,3071.12
596.573,2371.77
596.656,1774.23
596.739,1716.21
596.822,1802.45
596.905,1867.21
596.988,1893.05
597.071,2003.7
597.154,2037.41
597.237,2082.17
597.32,2134.83
597.404,2104.25
597.487,2159.46
597.57,2172.54
597.653,2122.85
597.736,2235.27
597.819,2260.96
597.902,2278.21
597.985,2243.56
598.068,2270.1
598.151,2356.59
598.234,2485.99
598.316,2589.79
598.399,2651.96
598.482,2813.1
598.565,2971.51
598.648,3051.11
598.731,3174.48
598.814,3280.49
598.897,3319.15
598.98,3336.78
599.063,3388.09
599.146,3456.91
599.229,3577.24
599.312,3619.63
599.395,3690.33
599.478,3592.83
599.561,3360.45
599.644,3224.73
599.727,2955.63
599.81,2950.61
599.893,2967.31
599.976,3105.12
600.059,3118.08
600.142,3195.43
600.225,3285.42
600.308,3269.22
600.391,3277.1
600.474,3372.47
600.557,3510.58
600.64,3646.86
600.723,3598.62
600.805,3702.93
600.888,3776.19
600.971,3813.06
601.054,3892.34
601.137,3751.67
601.22,3463.95
601.303,3300.25
601.386,3250.15
601.469,3312.14
601.552,3562.77
601.635,3794.76
601.718,3905.48
601.801,3988.3
601.884,3598.01
601.966,3057.24
602.049,2543.46
602.132,1958.57
602.215,1755.13
602.298,1784.87
602.381,1862.52
602.464,1908.62
602.547,1877.18
602.63,1940.7
602.713,2042.06
602.796,2019.07
602.878,2063.24
602.961,2139.13
603.044,2147.25
603.127,2152.96
603.21,2200.33
603.293,2215.9
603.376,2267.85
603.459,2330.64
603.542,2310.69
603.624,2292.47
603.707,2370.92
603.79,2477.74
603.873,2623.92
603.956,2600.29
604.039,2767.5
604.122,2859.96
604.205,2979.43
604.287,3051.84
604.37,3228.05
604.453,3237.62
604.536,3327.99
604.619,3287.7
604.702,3310.63
604.785,3452.87
604.868,3412.09
604.95,3557.68
605.033,3556.93
605.116,3321.25
605.199,3166.28
605.282,2980.35
605.365,2781.78
605.448,2779.58
605.53,2893.88
605.613,2871.64
605.696,2976.1
605.779,2945.49
605.862,2992.03
605.945,3031.41
606.027,3043.03
606.11,3148.69
606.193,3195.95
606.276,3334.71
606.359,3405.49
606.442,3465.25
606.524,3449.27
606.607,3321.68
606.69,3422.02
606.773,3371.64
606.856,3155.49
606.939,2935.17
607.021,2887.77
607.104,2808.78
607.187,3009.63
607.27,3202.94
607.353,3348.88
607.435,3404.4
607.518,3124.03
607.601,2647.02
607.684,2065.14
607.767,1625.27
607.849,1313.39
607.932,1257.46
608.015,1362.72
608.098,1319.98
608.181,1411.34
608.263,1393.14
608.346,1368.45
608.429,1395.91
608.512,1456.58
608.595,1377.76
608.677,1409.86
608.76,1426.91
608.843,1364.41
608.926,1406.04
609.008,1411.46
609.091,1369.06
609.174,1365.04
609.257,1364.74
609.34,1386.34
609.422,1419.55
609.505,1478.16
609.588,1454.88
609.671,1444.81
609.753,1559.36
609.836,1545.54
609.919,1650.02
610.002,1655.7
610.084,1678.16
610.167,1754.89
610.25,1747.59
610.333,1768.96
610.415,1809.22
610.498,1891.45
610.581,1894.86
610.664,1924.76
610.746,2026.07
610.829,2000.51
610.912,1798.37
610.995,1786.76
611.077,1718.38
611.16,1595.09
611.243,1636.0
611.326,1642.6
611.408,1662.31
611.491,1820.67
611.574,1813.5
611.656,1790.58
611.739,1844.66
611.822,1779.85
611.905,1901.14
611.987,1952.42
612.07,1983.89
612.153,1983.06
612.235,2033.11
612.318,2083.03
612.401,1985.09
612.484,2016.01
612.566,1878.66
612.649,1873.96
612.732,1724.91
612.814,1744.73
612.897,1632.03
612.98,1771.68
613.062,1913.62
613.145,1959.19
613.228,1986.89
613.311,1911.56
613.393,1685.13
613.476,1380.08
613.559,1186.52
613.641,954.263
613.724,998.645
613.807,968.976
613.889,988.469
613.972,1026.41
614.055,1032.31
614.137,1055.69
614.22,1018.67
614.303,1109.1
614.385,1056.75
614.468,1072.42
614.551,1024.54
614.633,1092.59
614.716,1069.47
614.799,1132.15
614.881,1093.17
614.964,1096.46
615.047,1136.79
615.129,1123.36
615.212,1151.45
615.295,1170.99
615.377,1143.3
615.46,1184.09
615.543,1248.4
615.625,1232.57
615.708,1308.7
615.791,1313.2
615.873,1345.34
615.956,1376.44
616.038,1456.0
616.121,1437.88
616.204,1404.19
616.286,1443.7
616.369,1447.08
616.452,1494.01
616.534,1450.06
616.617,1424.15
616.699,1405.47
616.782,1392.46
616.865,1344.46
616.947,1314.22
617.03,1255.0
617.113,1249.9
617.195,1278.44
617.278,1420.3
617.36,1315.96
617.443,1344.54
617.526,1296.2
617.608,1317.96
617.691,1323.55
617.773,1352.7
617.856,1340.49
617.939,1386.12
618.021,1372.57
618.104,1442.41
618.186,1396.88
618.269,1393.89
618.352,1383.98
618.434,1323.47
618.517,1278.5
618.599,1270.45
618.682,1294.3
618.765,1330.83
618.847,1319.58
618.93,1339.97
619.012,1334.84
619.095,1328.95
619.177,1258.01
619.26,1217.54
619.343,1103.45
619.425,1041.99
619.508,940.12
619.59,890.349
619.673,856.811
619.755,911.749
619.838,893.002
619.92,967.79
620.003,983.551
620.086,980.208
620.168,973.221
620.251,973.772
620.333,980.507
620.416,943.542
620.498,950.048
620.581,955.659
620.663,898.075
620.746,993.032
620.829,948.154
620.911,1034.75
620.994,1101.86
621.076,1137.46
621.159,1120.59
621.241,1140.7
621.324,1170.95
621.406,1244.98
621.489,1215.68
621.571,1351.52
621.654,1306.28
621.736,1400.25
621.819,1420.56
621.901,1493.93
621.984,1509.66
622.066,1565.54
622.149,1628.23
622.231,1720.22
622.314,1742.59
622.396,1758.73
622.479,1817.01
622.561,1892.34
622.644,1884.46
622.726,1983.01
622.809,1921.12
622.891,2040.29
622.974,2009.07
623.056,2018.71
623.139,1988.47
623.221,1948.01
623.304,1892.3
623.386,1881.42
623.469,1875.98
623.551,1766.58
623.634,1740.57
623.716,1727.7
623.799,1687.27
623.881,1776.45
623.964,1778.2
624.046,1814.09
624.129,1860.51
624.211,1919.21
624.294,1892.69
624.376,1876.71
624.459,1881.07
624.541,1873.18
624.624,1839.0
624.706,1895.91
624.788,1896.0
624.871,1944.31
624.953,1954.27
625.036,1949.21
625.118,1850.77
625.201,1708.52
625.283,1621.44
625.366,1642.39
625.448,1612.47
625.531,1640.71
625.613,1747.86
625.695,1778.42
625.778,1752.54
625.86,1758.07
625.943,1711.69
626.025,1560.11
626.108,1399.02
626.19,1223.44
626.272,1098.31
626.355,1062.04
626.437,1033.73
626.52,1036.62
626.602,1056.08
626.685,1116.74
626.767,1094.94
626.849,1151.11
626.932,1231.67
627.014,1142.33
627.097,1138.83
627.179,1142.41
627.262,1109.0
627.344,1099.14
627.426,1114.84
627.509,1115.75
627.591,1065.48
627.674,1093.11
627.756,1156.38
627.838,1189.09
627.921,1242.36
628.003,1358.0
628.086,1328.58
628.168,1409.49
628.25,1420.43
628.333,1398.4
628.415,1535.71
628.497,1614.62
628.58,1623.11
628.662,1745.68
628.745,1779.92
628.827,1877.04
628.909,1928.25
628.992,2048.36
629.074,2094.13
629.157,2208.12
629.239,2258.67
629.321,2396.39
629.404,2395.3
629.486,2519.91
629.568,2526.95
629.651,2647.09
629.733,2628.65
629.815,2698.34
629.898,2688.86
629.98,2712.52
630.063,2754.91
630.145,2734.35
630.227,2746.32
630.31,2718.75
630.392,2647.27
630.474,2545.03
630.557,2434.12
630.639,2412.45
630.721,2344.35
630.804,2360.35
630.886,2448.15
630.968,2546.91
631.051,2588.65
631.133,2639.74
631.215,2682.01
631.298,2671.5
631.38,2647.91
631.462,2747.2
631.545,2695.32
631.627,2747.86
631.709,2728.83
631.792,2733.03
631.874,2791.14
631.956,2778.89
632.039,2747.42
632.121,2721.13
632.203,2504.15
632.285,2418.57
632.368,2300.51
632.45,2359.1
632.532,2361.06
632.615,2491.28
632.697,2556.19
632.779,2571.97
632.862,2557.04
632.944,2469.6
633.026,2276.16
633.108,2111.07
633.191,1862.07
633.273,1625.8
633.355,1490.68
633.438,1436.54
633.52,1464.21
633.602,1518.64
633.684,1522.17
633.767,1646.49
633.849,1586.03
633.931,1719.99
634.014,1701.26
634.096,1768.11
634.178,1738.92
634.26,1694.53
634.343,1676.47
634.425,1632.38
634.507,1650.53
634.589,1690.9
634.672,1619.85
634.754,1617.31
634.836,1601.02
634.918,1655.35
635.001,1690.45
635.083,1802.56
635.165,1856.58
635.248,1929.76
635.33,2024.66
635.412,2086.51
635.494,2168.02
635.576,2272.43
635.659,2412.37
635.741,2408.7
635.823,2531.53
635.905,2625.59
635.988,2744.92
636.07,2881.15
636.152,2954.49
636.234,3047.83
636.317,3126.57
636.399,3378.31
636.481,3424.67
636.563,3601.94
636.645,3596.9
636.728,3689.61
636.81,3738.03
636.892,3734.92
636.974,3836.07
637.057,3909.19
637.139,3884.42
637.221,3909.59
637.303,3914.57
637.385,3891.62
637.468,3845.66
637.55,3790.2
637.632,3595.58
637.714,3458.86
637.796,3364.03
637.879,3374.85
637.961,3268.39
638.043,3323.98
638.125,3373.55
638.207,3522.28
638.29,3517.8
638.372,3584.69
638.454,3634.08
638.536,3636.99
638.618,3681.28
638.701,3606.34
638.783,3700.15
638.865,3760.88
638.947,3748.9
639.029,3765.25
639.111,3770.53
639.194,3809.12
639.276,3755.52
639.358,3691.55
639.44,3477.14
639.522,3315.04
639.604,3157.08
639.687,3184.61
639.769,3168.5
639.851,3281.97
639.933,3430.11
640.015,3488.46
640.097,3461.01
640.179,3351.77
640.262,3134.75
640.344,2907.83
640.426,2590.86
640.508,2242.41
640.59,1980.83
640.672,1822.15
640.754,1730.7
640.837,1838.91
640.919,1806.38
641.001,1934.6
641.083,1884.05
641.165,1915.45
641.247,1943.06
641.329,1974.4
641.412,1969.49
641.494,1925.48
641.576,1913.28
641.658,1873.25
641.74,1817.57
641.822,1872.96
641.904,1782.99
641.986,1786.28
642.068,1806.4
642.151,1770.96
642.233,1823.54
642.315,1925.18
642.397,2043.02
642.479,2023.42
642.561,2162.67
642.643,2265.42
642.725,2284.16
642.807,2364.57
642.89,2455.96
642.972,2583.98
643.054,2742.77
643.136,2793.32
643.218,2895.79
643.3,2975.06
643.382,3089.03
643.464,3291.56
643.546,3433.56
643.628,3493.93
643.71,3730.71
643.792,3846.23
643.875,4074.34
643.957,4142.41
644.039,4305.74
644.121,4345.63
644.203,4458.49
644.285,4559.12
644.367,4575.35
644.449,4655.23
644.531,4756.43
644.613,4731.47
644.695,4795.27
644.777,4699.14
644.859,4680.6
644.941,4612.07
645.023,4513.37
645.105,4350.22
645.188,4199.76
645.27,4032.89
645.352,3903.15
645.434,3979.77
645.516,4117.98
645.598,4198.9
645.68,4309.15
645.762,4330.58
645.844,4406.84
645.926,4492.95
646.008,4515.17
646.09,4596.97
646.172,4597.55
646.254,4587.81
646.336,4664.93
646.418,4715.72
646.5,4784.4
646.582,4810.18
646.664,4707.62
646.746,4688.96
646.828,4616.7
646.91,4464.91
646.992,4158.5
647.074,3943.62
647.156,3994.0
647.238,4047.58
647.32,4126.69
647.402,4311.11
647.484,4520.66
647.566,4554.91
647.648,4285.93
647.73,4071.74
647.812,3747.1
647.894,3338.82
647.976,2823.37
648.058,2498.25
648.14,2204.52
648.222,2037.55
648.304,2108.11
648.386,2166.05
648.468,2255.52
648.55,2256.67
648.632,2344.3
648.714,2370.96
648.796,2466.91
648.878,2437.01
648.96,2402.29
649.042,2338.12
649.124,2410.04
649.206,2295.55
649.288,2261.38
649.37,2203.91
649.452,2210.73
649.534,2196.04
649.616,2102.92
649.698,2200.38
649.78,2163.48
649.862,2221.81
649.944,2320.82
650.026,2459.49
650.107,2564.2
650.189,2666.53
650.271,2730.03
650.353,2841.63
650.435,2914.44
650.517,3047.58
650.599,3143.76
650.681,3243.63
650.763,3325.29
650.845,3513.09
650.927,3598.51
651.009,3724.75
651.091,3930.12
651.173,4149.31
651.255,4298.77
651.337,4500.61
651.418,4563.47
651.5,4760.47
651.582,4888.82
651.664,4992.84
651.746,5101.31
651.828,5197.16
651.91,5346.99
651.992,5402.39
652.074,5457.69
652.156,5465.94
652.238,5645.86
652.319,5572.71
652.401,5560.08
652.483,5526.71
652.565,5490.28
652.647,5316.51
652.729,5107.35
652.811,4973.83
652.893,4737.64
652.975,4714.92
653.057,4565.09
653.138,4649.28
653.22,4669.0
653.302,4813.56
653.384,4995.83
653.466,5071.39
653.548,5107.36
653.63,5136.78
653.712,5121.94
653.793,5144.69
653.875,5182.94
653.957,5258.83
654.039,5350.63
654.121,5380.43
654.203,5567.82
654.285,5460.88
654.367,5413.7
654.448,5395.11
654.53,5183.87
654.612,4940.03
654.694,4593.39
654.776,4456.78
654.858,4327.89
654.94,4458.42
655.021,4747.06
655.103,4865.99
655.185,5054.59
655.267,5102.78
655.349,5015.03
655.431,4814.79
655.512,4321.25
655.594,3903.42
655.676,3336.81
655.758,2935.91
655.84,2681.2
655.922,2356.59
656.004,2311.24
656.085,2338.15
656.167,2449.45
656.249,2489.03
656.331,2504.05
656.413,2567.64
656.494,2570.08
656.576,2534.55
656.658,2555.69
656.74,2626.52
656.822,2555.51
656.904,2552.4
656.985,2522.63
657.067,2472.34
657.149,2429.88
657.231,2446.31
657.313,2402.31
657.394,2419.93
657.476,2456.63
657.558,2417.37
657.64,2482.29
657.722,2593.67
657.803,2761.37
657.885,2864.65
657.967,2887.28
658.049,3044.8
658.131,3134.45
658.212,3229.98
658.294,3476.64
658.376,3612.04
658.458,3723.25
658.539,3919.69
658.621,4037.71
658.703,4261.78
658.785,4323.66
658.867,4608.78
658.948,4758.1
659.03,4968.72
659.112,5168.19
659.194,5450.1
659.275,5746.5
659.357,5824.72
659.439,6103.58
659.521,6310.7
659.602,6453.29
659.684,6547.49
659.766,6578.55
659.848,6727.55
659.929,6832.61
660.011,6990.12
660.093,7042.55
660.175,7195.81
660.256,7284.05
660.338,7106.57
660.42,7084.76
660.502,7005.92
660.583,6767.47
660.665,6590.71
660.747,6229.39
660.829,6015.28
660.91,5853.92
660.992,5962.03
661.074,6001.38
661.156,6136.67
661.237,6245.15
661.319,6566.22
661.401,6637.92
661.482,6719.56
661.564,6667.24
661.646,6761.66
661.728,6695.87
661.809,6673.59
661.891,6786.46
661.973,6995.34
662.054,7101.96
662.136,7294.39
662.218,7338.26
662.299,7438.11
662.381,7294.87
662.463,7090.45
662.545,6731.85
662.626,6237.41
662.708,5788.24
662.79,5661.03
662.871,5735.68
662.953,5968.64
663.035,6292.61
663.116,6692.95
663.198,6905.65
663.28,6948.81
663.361,6687.93
663.443,6186.77
663.525,5514.67
663.607,4684.77
663.688,4055.06
663.77,3411.75
663.852,3012.2
663.933,2778.56
664.015,2715.43
664.097,2851.39
664.178,2932.92
664.26,2973.29
664.342,3041.47
664.423,3032.68
664.505,3093.05
664.587,3093.77
664.668,3090.95
664.75,3037.27
664.831,2952.72
664.913,2996.01
664.995,2904.11
665.076,2785.36
665.158,2734.07
665.24,2608.3
665.321,2521.85
665.403,2495.25
665.485,2472.05
665.566,2496.86
665.648,2515.0
665.73,2563.35
665.811,2606.94
665.893,2812.25
665.974,2826.45
666.056,2970.36
666.138,3110.76
666.219,3095.76
666.301,3238.11
666.383,3351.81
666.464,3443.46
666.546,3499.64
666.627,3606.81
666.709,3784.7
666.791,3985.14
666.872,4084.41
666.954,4274.01
667.035,4444.45
667.117,4484.28
667.199,4681.27
667.28,4840.81
667.362,4908.61
667.443,5201.98
667.525,5429.17
667.607,5497.4
667.688,5643.72
667.77,5727.7
667.851,5770.37
667.933,5891.03
668.015,5975.65
668.096,6122.04
668.178,6137.6
668.259,6273.45
668.341,6317.73
668.423,6392.82
668.504,6299.57
668.586,6274.71
668.667,6161.63
668.749,5777.47
668.83,5521.96
668.912,5316.61
668.994,5192.38
669.075,5044.53
669.157,5008.07
669.238,5075.6
669.32,5095.67
669.401,5284.81
669.483,5321.9
669.564,5575.2
669.646,5559.16
669.728,5525.46
669.809,5629.11
669.891,5567.65
669.972,5568.51
670.054,5668.55
670.135,5702.53
670.217,5692.07
670.298,5926.19
670.38,6011.89
670.461,6085.22
670.543,6184.28
670.625,5977.82
670.706,5752.32
670.788,5272.42
670.869,4803.53
670.951,4562.04
671.032,4368.43
671.114,4443.71
671.195,4786.95
671.277,5096.89
671.358,5370.44
671.44,5669.37
671.521,5692.15
671.603,5466.56
671.684,5048.32
671.766,4290.02
671.847,3540.07
671.929,2895.52
672.01,2400.21
672.092,2032.9
672.173,1964.02
672.255,1922.18
672.336,1930.65
672.418,2026.81
672.499,2062.34
672.581,2073.75
672.662,2080.18
672.744,2044.08
672.825,2084.94
672.907,2105.82
672.988,2061.53
673.07,1993.72
673.151,1998.77
673.233,1951.98
673.314,1840.15
673.396,1825.94
673.477,1718.55
673.559,1685.64
673.64,1550.05
673.722,1485.87
673.803,1463.29
673.885,1449.79
673.966,1497.48
674.047,1474.13
674.129,1490.67
674.21,1516.3
674.292,1559.58
674.373,1596.12
674.455,1617.99
674.536,1720.49
674.618,1774.95
674.699,1834.98
674.781,1854.69
674.862,1910.47
674.943,1920.79
675.025,2003.87
675.106,2054.74
675.188,2184.63
675.269,2252.08
675.351,2367.56
675.432,2450.25
675.514,2526.71
675.595,2577.81
675.676,2706.66
675.758,2696.58
675.839,2863.61
675.921,2954.12
676.002,3052.81
676.084,3091.38
676.165,3213.75
676.246,3186.48
676.328,3280.92
676.409,3279.12
676.491,3259.93
676.572,3295.23
676.653,3426.32
676.735,3468.98
676.816,3542.53
676.898,3601.8
676.979,3577.82
677.06,3542.07
677.142,3391.08
677.223,3232.74
677.305,3066.7
677.386,2987.74
677.467,2845.62
677.549,2752.51
677.63,2811.55
677.712,2848.3
677.793,2823.84
677.874,2906.7
677.956,2982.39
678.037,2927.66
678.119,3091.35
678.2,3007.35
678.281,3088.72
678.363,3148.93
678.444,3131.47
678.525,3104.72
678.607,3169.14
678.688,3218.17
678.77,3241.2
678.851,3334.59
678.932,3398.04
679.014,3476.61
679.095,3468.65
679.176,3240.98
679.258,3078.67
679.339,2699.17
679.42,2514.07
679.502,2327.29
679.583,2335.25
679.664,2444.91
679.746,2667.05
679.827,2847.0
679.909,3117.49
679.99,3254.17
680.071,3215.6
680.153,3070.76
680.234,2738.09
680.315,2253.9
680.397,1829.47
680.478,1391.89
680.559,1175.65
680.641,1121.6
680.722,1077.38
680.803,1053.29
680.885,1048.3
680.966,1001.43
681.047,1161.23
681.128,1104.01
681.21,1082.6
681.291,1101.63
681.372,1095.38
681.454,1061.49
681.535,1108.17
681.616,1039.49
681.698,999.697
681.779,946.794
681.86,955.674
681.942,949.355
682.023,893.328
682.104,863.776
682.186,819.148
682.267,805.638
682.348,693.797
682.429,692.195
682.511,670.963
682.592,732.843
682.673,676.258
682.755,684.069
682.836,670.774
682.917,727.753
682.998,689.962
683.08,803.856
683.161,797.914
683.242,786.303
683.324,824.708
683.405,810.822
683.486,822.353
683.567,816.347
683.649,861.767
683.73,840.738
683.811,926.021
683.892,914.356
683.974,981.454
684.055,924.188
684.136,1000.86
684.217,975.031
684.299,1048.22
684.38,1000.75
684.461,1080.52
684.542,1095.5
684.624,1106.6
684.705,1214.29
684.786,1214.66
684.867,1125.28
684.949,1203.24
685.03,1246.31
685.111,1218.38
685.192,1243.09
685.274,1235.6
685.355,1235.26
685.436,1258.56
685.517,1358.7
685.599,1475.05
685.68,1321.08
685.761,1329.74
685.842,1335.55
685.923,1214.27
686.005,1195.26
686.086,1105.03
686.167,1040.54
686.248,978.09
686.33,1000.96
686.411,1088.63
686.492,1026.53
686.573,1037.51
686.654,1020.13
686.736,1080.42
686.817,1175.59
686.898,1143.57
686.979,1112.64
687.06,1174.67
687.142,1109.0
687.223,1131.96
687.304,1122.49
687.385,1084.81
687.466,1044.22
687.548,1128.49
687.629,1166.04
687.71,1210.88
687.791,1229.93
687.872,1278.79
687.953,1231.47
688.035,1146.62
688.116,1012.68
688.197,923.073
688.278,857.68
688.359,835.143
688.441,856.682
688.522,907.328
688.603,1033.32
688.684,1049.66
688.765,1128.83
688.846,1173.28
688.928,1195.07
689.009,1076.62
689.09,918.273
689.171,748.882
689.252,540.111
689.333,422.503
689.414,404.719
689.496,404.98
689.577,389.851
689.658,367.305
689.739,371.671
689.82,425.39
689.901,361.005
689.982,422.9
690.064,377.876
690.145,407.835
690.226,384.431
690.307,379.826
690.388,386.484
690.469,362.162
690.55,319.242
690.632,339.974
690.713,339.947
690.794,316.995
690.875,312.132
690.956,289.213
691.037,260.597
691.118,288.49
691.199,284.523
691.28,206.521
691.362,195.053
691.443,217.759
691.524,190.968
691.605,191.502
691.686,191.265
691.767,220.994
691.848,204.306
691.929,226.347
692.01,160.688
692.091,213.266
692.173,170.98
692.254,217.593
692.335,181.495
692.416,204.168
692.497,206.058
692.578,207.364
692.659,209.491
692.74,222.361
692.821,211.546
692.902,175.763
692.983,205.986
693.065,164.178
693.146,170.744
693.227,155.459
693.308,167.47
693.389,193.262
693.47,221.821
693.551,192.401
693.632,210.931
693.713,233.579
693.794,197.628
693.875,222.005
693.956,204.054
694.037,209.392
694.118,222.817
694.199,199.717
694.28,222.353
694.362,221.271
694.443,248.037
694.524,230.419
694.605,260.548
694.686,203.934
694.767,275.062
694.848,226.276
694.929,221.379
695.01,215.64
695.091,282.947
695.172,243.435
695.253,236.324
695.334,275.094
695.415,211.357
695.496,228.197
695.577,225.969
695.658,239.63
695.739,275.513
695.82,270.585
695.901,244.729
695.982,255.632
696.063,297.407
696.144,257.642
696.225,280.291
696.306,220.335
696.387,241.12
696.468,268.194
696.549,250.951
696.63,221.56
696.711,213.763
696.792,234.181
696.873,218.461
696.954,253.965
697.035,252.658
697.116,260.927
697.197,259.077
697.278,253.001
697.359,271.606
697.44,247.923
697.521,245.079
697.602,246.709
697.683,270.82
697.764,231.95
697.845,258.119
697.926,227.438
698.007,222.145
698.088,240.318
698.169,223.084
698.25,230.063
698.331,222.222
698.412,209.944
698.493,215.274
698.574,230.433
698.655,249.306
698.736,256.501
698.817,240.41
698.898,204.729
698.979,202.797
699.06,233.546
699.141,224.306
699.221,239.032
699.302,233.057
699.383,220.536
699.464,188.97
699.545,224.953
699.626,195.712
699.707,210.668
699.788,204.623
699.869,174.223
699.95,239.142
700.031,193.17
700.112,197.378
700.193,242.366
700.274,215.797
700.355,207.447
700.436,222.854
700.516,226.363
700.597,210.236
700.678,229.766
700.759,212.347
700.84,225.115
700.921,230.457
701.002,230.428
701.083,235.505
701.164,198.813
701.245,181.407
701.326,218.661
701.407,194.715
701.487,226.36
701.568,231.573
701.649,203.692
701.73,191.066
701.811,221.021
701.892,199.274
701.973,203.381
702.054,221.597
702.135,215.304
702.215,175.009
702.296,201.057
702.377,232.381
702.458,213.553
702.539,230.082
702.62,105.428
702.701,5.02029
702.782,0.0
702.863,0.0
702.943,0.0
703.024,12.04
703.105,3.9026
703.186,0.0
703.267,5.26793
703.348,237.165
703.429,131.971
703.509,0.0
703.59,0.0
703.671,0.0
703.752,0.0
703.833,0.0
703.914,0.0
703.995,0.0
704.075,0.0
704.156,0.0
704.237,0.0
704.318,0.0
704.399,0.0
704.48,0.0
704.561,0.0
704.641,0.0
704.722,0.0
704.803,0.0
704.884,0.0
704.965,0.0
705.046,0.0
705.126,0.0
705.207,0.0
705.288,0.0
705.369,0.0
705.45,0.0
705.531,0.0
705.611,0.0
705.692,0.0
705.773,0.0
705.854,0.0
705.935,0.0
706.015,0.0
706.096,0.0
706.177,0.0
706.258,0.0
706.339,0.0
706.419,0.0
706.5,0.0
706.581,0.0
706.662,0.0
706.743,0.0
706.823,0.0
706.904,0.0
706.985,0.0
707.066,0.0
707.147,0.0
707.227,0.0
707.308,0.0
707.389,0.0
707.47,0.0
707.551,0.0
707.631,0.0
707.712,0.0
707.793,0.0
707.874,0.0
707.954,0.0
708.035,0.0
708.116,0.0
708.197,0.0
708.277,0.0
708.358,0.0
708.439,0.0
708.52,0.0
708.601,0.0
708.681,0.0
708.762,0.0
708.843,0.0
708.924,0.0
709.004,0.0
709.085,0.0
709.166,0.0
709.247,0.0
709.327,0.0
709.408,0.0
709.489,0.0
709.569,0.0
709.65,0.0
709.731,0.0
709.812,0.0
709.892,0.0
709.973,0.0
710.054,0.0
710.135,0.0
710.215,0.0
710.296,0.0
710.377,0.0
710.457,0.0
710.538,0.0
710.619,0.0
710.7,0.0
710.78,0.0
710.861,0.0
710.942,0.0
711.022,0.0
711.103,0.0
711.184,0.0
711.265,0.0
711.345,0.0
711.426,0.0
711.507,0.0
711.587,0.0
711.668,0.0
711.749,0.0
711.829,0.0
711.91,0.0
711.991,0.0
712.072,0.0
712.152,0.0
712.233,0.0
712.314,0.0
712.394,0.0
712.475,0.0
712.556,0.0
712.636,0.0
712.717,0.0
712.798,0.0
712.878,0.0
712.959,0.0
