Î»,Raw_E
394.019,5.35416
394.106,8.90403
394.192,0.0
394.279,0.0
394.366,0.0
394.453,0.0
394.54,21.192
394.627,0.0
394.714,0.0
394.801,0.0
394.888,88.7914
394.975,86.9221
395.062,90.9027
395.149,60.1089
395.236,120.005
395.323,62.548
395.41,83.3879
395.497,83.2926
395.584,90.1553
395.671,26.1107
395.758,84.7379
395.845,52.1706
395.932,66.2213
396.019,213.073
396.105,397.006
396.192,374.519
396.279,359.995
396.366,371.533
396.453,317.754
396.54,347.06
396.627,339.179
396.714,381.83
396.801,341.663
396.888,350.726
396.975,396.043
397.062,376.3
397.149,417.017
397.235,358.987
397.322,475.114
397.409,515.094
397.496,528.712
397.583,545.615
397.67,511.956
397.757,386.38
397.844,299.54
397.931,239.788
398.018,250.795
398.105,253.707
398.191,235.672
398.278,251.889
398.365,262.285
398.452,284.774
398.539,300.168
398.626,256.553
398.713,227.274
398.8,185.737
398.887,179.934
398.973,209.886
399.06,242.632
399.147,192.837
399.234,211.395
399.321,172.758
399.408,211.328
399.495,233.978
399.582,206.371
399.668,198.124
399.755,238.997
399.842,261.672
399.929,213.729
400.016,176.294
400.103,185.765
400.19,218.519
400.276,210.293
400.363,195.992
400.45,217.532
400.537,216.522
400.624,189.896
400.711,147.939
400.798,188.232
400.884,162.528
400.971,149.087
401.058,151.666
401.145,116.784
401.232,172.774
401.319,134.06
401.405,157.808
401.492,162.241
401.579,169.797
401.666,155.422
401.753,214.867
401.84,151.051
401.926,139.951
402.013,178.566
402.1,162.128
402.187,163.679
402.274,156.977
402.36,178.835
402.447,217.633
402.534,189.499
402.621,202.464
402.708,225.148
402.795,163.205
402.881,173.834
402.968,190.831
403.055,215.578
403.142,245.564
403.229,193.473
403.315,179.542
403.402,201.44
403.489,199.837
403.576,197.264
403.663,193.419
403.749,182.632
403.836,152.221
403.923,170.314
404.01,156.771
404.096,172.441
404.183,166.759
404.27,173.266
404.357,193.966
404.444,199.378
404.53,199.583
404.617,244.03
404.704,270.886
404.791,232.207
404.877,303.281
404.964,284.809
405.051,287.976
405.138,329.484
405.224,340.794
405.311,366.006
405.398,360.705
405.485,333.718
405.572,326.445
405.658,343.143
405.745,328.207
405.832,341.36
405.919,345.026
406.005,313.087
406.092,361.182
406.179,426.352
406.266,417.101
406.352,400.242
406.439,469.945
406.526,437.582
406.612,472.87
406.699,523.216
406.786,526.107
406.873,596.272
406.959,727.622
407.046,846.305
407.133,1021.82
407.22,1245.95
407.306,1285.44
407.393,1294.19
407.48,1161.72
407.566,1052.16
407.653,974.594
407.74,1029.54
407.827,926.779
407.913,921.406
408.0,766.081
408.087,589.427
408.173,392.399
408.26,387.376
408.347,439.463
408.434,427.954
408.52,485.405
408.607,471.188
408.694,525.37
408.78,555.215
408.867,535.529
408.954,554.499
409.04,529.571
409.127,544.212
409.214,556.89
409.3,459.956
409.387,466.093
409.474,444.402
409.56,464.173
409.647,492.512
409.734,480.003
409.821,525.83
409.907,484.517
409.994,516.542
410.081,469.589
410.167,419.774
410.254,370.819
410.341,329.587
410.427,397.072
410.514,370.708
410.6,394.024
410.687,431.059
410.774,434.477
410.86,442.288
410.947,466.517
411.034,492.377
411.12,504.842
411.207,521.663
411.294,491.939
411.38,490.388
411.467,505.613
411.554,463.213
411.64,491.083
411.727,532.986
411.814,515.53
411.9,556.429
411.987,627.275
412.073,708.927
412.16,737.81
412.247,723.462
412.333,756.213
412.42,727.404
412.507,682.937
412.593,676.727
412.68,666.804
412.766,555.909
412.853,568.672
412.94,493.239
413.026,464.722
413.113,427.424
413.2,439.874
413.286,441.592
413.373,388.629
413.459,437.619
413.546,350.601
413.633,396.738
413.719,413.411
413.806,394.339
413.892,425.814
413.979,459.795
414.066,482.37
414.152,509.614
414.239,541.646
414.325,578.902
414.412,558.603
414.498,477.741
414.585,492.955
414.672,430.247
414.758,427.98
414.845,410.208
414.931,362.893
415.018,407.782
415.104,342.139
415.191,348.504
415.278,333.282
415.364,338.076
415.451,375.056
415.537,326.388
415.624,362.825
415.71,367.484
415.797,352.126
415.884,360.581
415.97,341.709
416.057,377.181
416.143,419.304
416.23,427.492
416.316,413.78
416.403,365.354
416.489,403.815
416.576,375.915
416.663,385.356
416.749,285.08
416.836,388.169
416.922,295.77
417.009,321.118
417.095,265.561
417.182,316.706
417.268,284.953
417.355,302.542
417.441,275.54
417.528,260.193
417.614,235.375
417.701,237.992
417.787,247.351
417.874,234.633
417.96,262.524
418.047,253.818
418.133,288.123
418.22,323.15
418.307,272.89
418.393,332.401
418.48,405.373
418.566,461.06
418.653,541.896
418.739,590.378
418.826,652.307
418.912,634.674
418.999,665.637
419.085,638.049
419.172,615.553
419.258,602.202
419.345,490.179
419.431,435.612
419.518,319.866
419.604,231.401
419.69,230.258
419.777,194.446
419.863,212.863
419.95,218.739
420.036,201.689
420.123,173.855
420.209,200.369
420.296,193.392
420.382,168.984
420.469,209.572
420.555,191.779
420.642,212.076
420.728,176.499
420.815,225.272
420.901,228.827
420.988,240.308
421.074,197.043
421.16,190.649
421.247,203.039
421.333,232.188
421.42,229.358
421.506,176.24
421.593,209.38
421.679,208.538
421.766,217.169
421.852,218.316
421.939,191.611
422.025,208.685
422.111,219.729
422.198,204.305
422.284,199.353
422.371,250.716
422.457,262.527
422.544,209.675
422.63,176.023
422.716,195.356
422.803,208.8
422.889,204.011
422.976,215.287
423.062,175.893
423.149,192.444
423.235,198.335
423.321,174.806
423.408,185.841
423.494,198.834
423.581,180.954
423.667,181.356
423.753,214.114
423.84,210.325
423.926,217.972
424.013,203.9
424.099,223.378
424.185,191.727
424.272,225.09
424.358,233.463
424.445,201.87
424.531,204.362
424.617,239.594
424.704,228.831
424.79,189.335
424.877,193.795
424.963,202.468
425.049,254.778
425.136,215.03
425.222,244.577
425.308,267.402
425.395,314.86
425.481,363.301
425.568,406.557
425.654,368.375
425.74,328.078
425.827,324.785
425.913,306.588
425.999,245.103
426.086,217.528
426.172,237.419
426.258,244.979
426.345,262.775
426.431,269.027
426.518,269.948
426.604,319.452
426.69,287.26
426.777,314.389
426.863,319.106
426.949,311.015
427.036,330.578
427.122,352.656
427.208,322.666
427.295,335.804
427.381,356.19
427.467,411.702
427.554,460.414
427.64,554.114
427.726,581.249
427.813,623.839
427.899,607.718
427.985,578.887
428.072,571.692
428.158,504.048
428.244,509.549
428.331,460.969
428.417,451.817
428.503,418.429
428.59,448.699
428.676,443.277
428.762,429.566
428.849,383.44
428.935,380.598
429.021,347.51
429.107,376.889
429.194,339.563
429.28,342.404
429.366,331.027
429.453,351.981
429.539,381.723
429.625,403.352
429.712,342.795
429.798,328.82
429.884,317.97
429.97,302.291
430.057,324.586
430.143,304.082
430.229,350.242
430.316,354.371
430.402,362.718
430.488,412.42
430.574,438.252
430.661,480.786
430.747,489.322
430.833,466.427
430.919,416.51
431.006,401.909
431.092,367.693
431.178,395.586
431.264,394.745
431.351,436.27
431.437,444.09
431.523,499.671
431.61,534.583
431.696,686.679
431.782,751.934
431.868,797.384
431.955,902.249
432.041,897.477
432.127,834.77
432.213,800.688
432.3,782.818
432.386,668.738
432.472,621.067
432.558,560.207
432.644,514.155
432.731,505.414
432.817,562.59
432.903,531.69
432.989,474.669
433.076,487.274
433.162,468.671
433.248,489.666
433.334,519.777
433.421,519.626
433.507,544.731
433.593,555.463
433.679,588.574
433.765,645.11
433.852,655.727
433.938,700.785
434.024,755.976
434.11,830.527
434.196,894.388
434.283,968.436
434.369,1035.49
434.455,1168.2
434.541,1187.24
434.627,1312.82
434.714,1481.72
434.8,1583.97
434.886,1697.26
434.972,1873.26
435.058,1976.0
435.145,2005.24
435.231,1911.01
435.317,1747.82
435.403,1498.12
435.489,1142.74
435.576,825.556
435.662,692.916
435.748,530.392
435.834,499.551
435.92,497.52
436.006,526.089
436.093,540.16
436.179,553.99
436.265,584.226
436.351,689.933
436.437,777.285
436.523,881.333
436.61,1035.55
436.696,1201.11
436.782,1299.31
436.868,1548.01
436.954,1529.15
437.04,1562.81
437.126,1458.31
437.213,1189.46
437.299,964.252
437.385,742.441
437.471,589.595
437.557,595.198
437.643,542.278
437.729,557.64
437.816,515.038
437.902,524.773
437.988,504.161
438.074,489.216
438.16,420.017
438.246,444.862
438.332,470.031
438.419,422.367
438.505,404.914
438.591,451.941
438.677,424.915
438.763,460.991
438.849,408.282
438.935,447.761
439.021,429.37
439.107,400.893
439.194,423.591
439.28,429.524
439.366,404.36
439.452,405.192
439.538,408.278
439.624,366.145
439.71,359.371
439.796,357.571
439.882,356.554
439.969,329.51
440.055,322.06
440.141,343.656
440.227,320.416
440.313,360.221
440.399,381.565
440.485,366.966
440.571,382.547
440.657,354.393
440.743,370.714
440.829,367.837
440.915,438.259
441.002,387.055
441.088,521.533
441.174,622.983
441.26,836.684
441.346,1027.07
441.432,1319.12
441.518,1603.97
441.604,2009.09
441.69,2314.74
441.776,2402.44
441.862,2247.39
441.948,1943.05
442.034,1384.14
442.12,827.825
442.206,565.989
442.292,359.111
442.379,286.384
442.465,271.345
442.551,251.051
442.637,255.72
442.723,263.198
442.809,266.106
442.895,252.168
442.981,224.034
443.067,267.998
443.153,234.618
443.239,245.624
443.325,216.708
443.411,229.534
443.497,233.937
443.583,236.798
443.669,182.146
443.755,245.934
443.841,223.139
443.927,204.261
444.013,237.642
444.099,200.001
444.185,239.447
444.271,239.462
444.357,241.12
444.443,252.35
444.529,230.825
444.615,211.26
444.701,275.73
444.787,279.777
444.873,268.122
444.959,354.257
445.045,371.135
445.131,392.765
445.217,402.075
445.303,412.685
445.389,431.545
445.475,449.314
445.561,418.074
445.647,348.697
445.733,331.569
445.819,258.374
445.905,277.617
445.991,268.133
446.077,357.849
446.163,305.627
446.249,309.811
446.335,374.165
446.421,381.298
446.507,450.288
446.593,491.134
446.679,607.919
446.765,640.921
446.851,640.257
446.937,694.011
447.023,626.676
447.109,578.861
447.195,495.556
447.281,441.121
447.367,377.113
447.452,376.452
447.538,344.12
447.624,328.725
447.71,325.445
447.796,355.088
447.882,424.455
447.968,377.802
448.054,387.631
448.14,373.03
448.226,332.771
448.312,338.179
448.398,346.068
448.484,352.305
448.57,357.497
448.656,349.459
448.742,364.875
448.827,385.03
448.913,397.767
448.999,402.554
449.085,411.413
449.171,425.26
449.257,414.402
449.343,406.143
449.429,377.53
449.515,358.915
449.601,375.036
449.687,300.773
449.773,342.25
449.858,270.724
449.944,334.75
450.03,314.758
450.116,344.868
450.202,293.564
450.288,272.55
450.374,332.931
450.46,337.362
450.546,306.125
450.632,316.634
450.717,297.058
450.803,288.378
450.889,340.004
450.975,297.687
451.061,308.932
451.147,313.167
451.233,265.139
451.319,266.956
451.404,197.65
451.49,245.641
451.576,251.7
451.662,269.98
451.748,251.883
451.834,248.542
451.92,254.742
452.006,274.127
452.091,259.169
452.177,230.777
452.263,239.378
452.349,220.567
452.435,275.182
452.521,205.873
452.607,228.854
452.692,218.018
452.778,278.437
452.864,259.414
452.95,222.234
453.036,249.851
453.122,226.412
453.207,269.955
453.293,227.915
453.379,267.399
453.465,253.677
453.551,224.942
453.637,221.157
453.722,235.681
453.808,262.348
453.894,213.652
453.98,269.149
454.066,201.744
454.152,197.307
454.237,273.502
454.323,218.82
454.409,271.676
454.495,223.576
454.581,253.606
454.666,264.341
454.752,276.946
454.838,276.195
454.924,270.615
455.01,247.122
455.096,268.924
455.181,227.409
455.267,187.733
455.353,216.946
455.439,210.94
455.525,228.53
455.61,243.396
455.696,229.039
455.782,247.963
455.868,256.919
455.953,244.555
456.039,236.526
456.125,210.134
456.211,248.11
456.297,268.034
456.382,267.697
456.468,307.768
456.554,282.47
456.64,285.002
456.725,294.996
456.811,286.532
456.897,286.746
456.983,304.325
457.069,311.457
457.154,315.642
457.24,318.148
457.326,265.51
457.412,262.014
457.497,306.375
457.583,309.219
457.669,330.881
457.755,279.996
457.84,279.354
457.926,304.159
458.012,293.894
458.098,277.084
458.183,272.869
458.269,283.069
458.355,270.541
458.441,286.209
458.526,285.25
458.612,358.292
458.698,396.871
458.784,506.92
458.869,626.016
458.955,822.662
459.041,1008.06
459.126,1268.21
459.212,1578.03
459.298,1761.94
459.384,1914.29
459.469,1715.65
459.555,1486.09
459.641,1287.64
459.726,1193.65
459.812,1286.85
459.898,1336.27
459.984,1091.31
460.069,898.966
460.155,583.109
460.241,412.13
460.326,374.24
460.412,378.669
460.498,364.946
460.584,420.799
460.669,401.321
460.755,339.974
460.841,416.383
460.926,448.543
461.012,493.556
461.098,576.903
461.183,645.013
461.269,586.411
461.355,637.671
461.44,514.189
461.526,438.906
461.612,437.546
461.697,399.041
461.783,380.954
461.869,362.866
461.954,350.049
462.04,359.422
462.126,338.846
462.211,350.918
462.297,345.59
462.383,302.591
462.468,283.257
462.554,312.063
462.64,311.702
462.725,315.985
462.811,269.659
462.897,273.805
462.982,283.072
463.068,273.961
463.154,258.804
463.239,287.896
463.325,283.201
463.411,273.367
463.496,345.909
463.582,412.032
463.668,490.728
463.753,655.405
463.839,810.302
463.924,1106.55
464.01,1415.58
464.096,1769.54
464.181,2036.04
464.267,2252.65
464.353,2300.71
464.438,2399.56
464.524,2017.07
464.609,1843.28
464.695,1709.73
464.781,1596.08
464.866,2065.63
464.952,2713.64
465.038,3384.68
465.123,3996.01
465.209,4054.36
465.294,3465.46
465.38,2589.97
465.466,1517.47
465.551,845.17
465.637,557.843
465.722,394.992
465.808,436.798
465.894,445.855
465.979,525.679
466.065,695.552
466.15,745.389
466.236,903.499
466.321,1001.77
466.407,1123.4
466.493,987.746
466.578,797.956
466.664,635.585
466.749,373.613
466.835,316.356
466.921,299.925
467.006,355.07
467.092,321.589
467.177,353.979
467.263,428.263
467.348,452.131
467.434,539.115
467.52,622.401
467.605,774.479
467.691,873.394
467.776,925.247
467.862,985.577
467.947,907.092
468.033,725.742
468.118,608.263
468.204,438.026
468.29,329.787
468.375,351.748
468.461,352.492
468.546,362.521
468.632,328.88
468.717,339.614
468.803,381.286
468.888,338.589
468.974,330.816
469.059,335.435
469.145,333.372
469.23,327.86
469.316,346.77
469.401,319.336
469.487,373.676
469.573,372.456
469.658,441.269
469.744,417.945
469.829,477.543
469.915,480.515
470.0,490.244
470.086,517.754
470.171,535.594
470.257,536.523
470.342,497.276
470.428,508.9
470.513,417.617
470.599,487.878
470.684,471.464
470.77,475.475
470.855,474.848
470.941,434.439
471.026,434.948
471.112,414.016
471.197,423.833
471.283,415.09
471.368,407.617
471.454,425.143
471.539,380.046
471.625,393.817
471.71,346.226
471.796,372.064
471.881,373.956
471.967,374.141
472.052,398.738
472.137,410.609
472.223,388.002
472.308,447.867
472.394,417.403
472.479,444.867
472.565,445.635
472.65,418.604
472.736,426.971
472.821,443.317
472.907,408.37
472.992,398.185
473.078,415.551
473.163,375.103
473.248,391.71
473.334,382.628
473.419,373.463
473.505,339.919
473.59,330.364
473.676,340.051
473.761,364.64
473.847,342.763
473.932,337.385
474.017,344.649
474.103,322.789
474.188,333.493
474.274,346.524
474.359,322.764
474.445,317.251
474.53,290.499
474.616,299.065
474.701,264.915
474.786,316.449
474.872,283.157
474.957,279.337
475.043,273.072
475.128,308.14
475.213,310.34
475.299,279.181
475.384,325.938
475.47,306.098
475.555,314.727
475.64,316.337
475.726,283.669
475.811,296.364
475.897,291.132
475.982,324.123
476.067,286.994
476.153,328.441
476.238,363.02
476.324,356.394
476.409,347.231
476.494,333.558
476.58,332.069
476.665,322.626
476.751,339.987
476.836,307.979
476.921,318.238
477.007,316.427
477.092,348.102
477.178,340.411
477.263,337.14
477.348,350.38
477.434,440.806
477.519,474.386
477.604,423.234
477.69,404.023
477.775,379.984
477.86,303.174
477.946,296.445
478.031,276.28
478.117,254.61
478.202,236.545
478.287,256.676
478.373,263.681
478.458,238.191
478.543,254.007
478.629,304.411
478.714,272.063
478.799,326.484
478.885,300.418
478.97,284.048
479.055,294.768
479.141,276.109
479.226,253.002
479.311,269.611
479.397,268.084
479.482,224.918
479.567,249.844
479.653,279.999
479.738,259.428
479.823,268.582
479.909,314.378
479.994,285.555
480.079,310.291
480.165,339.89
480.25,356.653
480.335,369.798
480.421,385.092
480.506,369.53
480.591,365.441
480.677,397.221
480.762,339.967
480.847,325.132
480.932,307.604
481.018,322.437
481.103,341.334
481.188,298.13
481.274,300.163
481.359,290.322
481.444,317.725
481.53,272.372
481.615,254.217
481.7,256.235
481.785,286.43
481.871,297.199
481.956,270.098
482.041,299.612
482.127,281.454
482.212,272.911
482.297,244.677
482.382,302.815
482.468,260.237
482.553,287.662
482.638,281.694
482.723,355.715
482.809,346.273
482.894,311.864
482.979,351.153
483.064,372.498
483.15,347.6
483.235,329.546
483.32,339.928
483.406,348.724
483.491,338.086
483.576,327.427
483.661,314.315
483.747,339.542
483.832,316.648
483.917,306.96
484.002,297.992
484.087,298.408
484.173,283.214
484.258,305.647
484.343,311.074
484.428,297.286
484.514,287.989
484.599,313.929
484.684,304.151
484.769,305.864
484.855,298.405
484.94,242.107
485.025,245.849
485.11,246.819
485.195,205.525
485.281,210.674
485.366,262.067
485.451,201.737
485.536,287.073
485.622,241.531
485.707,235.364
485.792,222.044
485.877,256.355
485.962,244.286
486.048,243.832
486.133,237.43
486.218,220.011
486.303,306.505
486.388,236.949
486.474,241.406
486.559,239.153
486.644,214.508
486.729,238.283
486.814,265.839
486.9,229.361
486.985,239.994
487.07,246.497
487.155,259.023
487.24,255.86
487.325,233.241
487.411,257.996
487.496,232.835
487.581,238.599
487.666,232.681
487.751,272.686
487.836,227.538
487.922,241.749
488.007,228.77
488.092,244.85
488.177,204.145
488.262,208.377
488.347,217.434
488.433,258.647
488.518,226.405
488.603,172.427
488.688,233.254
488.773,205.332
488.858,259.38
488.944,231.291
489.029,216.449
489.114,206.4
489.199,194.706
489.284,238.804
489.369,206.72
489.454,203.367
489.54,188.562
489.625,193.219
489.71,192.091
489.795,214.196
489.88,183.239
489.965,188.583
490.05,206.448
490.135,177.753
490.221,165.429
490.306,155.304
490.391,215.762
490.476,201.944
490.561,204.992
490.646,218.295
490.731,215.033
490.816,190.166
490.901,245.675
490.987,233.418
491.072,204.417
491.157,217.279
491.242,193.287
491.327,194.877
491.412,212.3
491.497,208.369
491.582,188.156
491.667,186.056
491.752,206.173
491.838,143.283
491.923,185.034
492.008,199.647
492.093,172.362
492.178,181.302
492.263,213.951
492.348,226.727
492.433,176.333
492.518,152.954
492.603,181.456
492.688,180.382
492.773,208.722
492.859,179.214
492.944,192.4
493.029,212.739
493.114,220.942
493.199,228.543
493.284,219.75
493.369,194.268
493.454,224.943
493.539,220.551
493.624,193.726
493.709,201.601
493.794,233.097
493.879,171.007
493.964,188.025
494.049,218.673
494.134,224.471
494.219,196.601
494.304,249.2
494.39,287.998
494.475,256.599
494.56,224.034
494.645,240.682
494.73,205.731
494.815,269.296
494.9,211.642
494.985,205.037
495.07,175.461
495.155,229.086
495.24,185.499
495.325,220.624
495.41,236.293
495.495,238.066
495.58,226.384
495.665,250.389
495.75,339.216
495.835,293.035
495.92,285.236
496.005,369.912
496.09,355.647
496.175,314.137
496.26,378.138
496.345,392.593
496.43,392.282
496.515,457.59
496.6,481.118
496.685,568.526
496.77,617.133
496.855,694.48
496.94,823.247
497.025,900.312
497.11,897.015
497.195,858.865
497.28,740.127
497.365,589.998
497.45,496.314
497.535,435.135
497.62,439.524
497.705,420.606
497.79,463.297
497.875,405.359
497.96,434.321
498.045,404.487
498.13,453.991
498.215,466.525
498.3,392.56
498.385,388.043
498.47,402.628
498.555,410.22
498.639,461.633
498.724,411.77
498.809,414.344
498.894,433.745
498.979,372.165
499.064,370.796
499.149,389.257
499.234,441.915
499.319,419.248
499.404,413.023
499.489,410.243
499.574,385.794
499.659,369.784
499.744,352.039
499.829,355.407
499.914,344.94
499.999,356.122
500.084,375.683
500.168,346.329
500.253,309.108
500.338,304.01
500.423,303.875
500.508,292.812
500.593,308.531
500.678,311.298
500.763,259.12
500.848,280.111
500.933,244.269
501.018,216.114
501.103,235.087
501.187,211.809
501.272,158.31
501.357,168.773
501.442,193.066
501.527,167.919
501.612,178.441
501.697,200.991
501.782,201.672
501.867,216.0
501.952,233.168
502.036,280.465
502.121,301.348
502.206,311.34
502.291,326.362
502.376,272.394
502.461,255.893
502.546,173.055
502.631,183.654
502.716,148.19
502.8,175.225
502.885,173.14
502.97,139.059
503.055,160.364
503.14,132.89
503.225,156.672
503.31,158.543
503.395,186.651
503.479,167.91
503.564,168.279
503.649,200.189
503.734,197.378
503.819,198.61
503.904,243.416
503.989,229.116
504.073,230.585
504.158,180.86
504.243,236.811
504.328,234.091
504.413,216.001
504.498,220.568
504.582,214.019
504.667,215.111
504.752,228.721
504.837,226.15
504.922,210.549
505.007,219.946
505.091,231.473
505.176,211.419
505.261,215.544
505.346,192.042
505.431,192.733
505.516,244.319
505.6,238.485
505.685,192.389
505.77,199.678
505.855,194.337
505.94,170.716
506.025,200.895
506.109,191.963
506.194,201.694
506.279,218.928
506.364,227.229
506.449,162.446
506.533,192.931
506.618,204.587
506.703,220.249
506.788,181.876
506.873,196.081
506.957,229.255
507.042,183.652
507.127,193.994
507.212,194.675
507.297,165.784
507.381,216.052
507.466,180.977
507.551,232.643
507.636,182.294
507.72,222.645
507.805,218.832
507.89,196.23
507.975,229.609
508.06,167.92
508.144,204.26
508.229,168.675
508.314,169.695
508.399,174.756
508.483,208.236
508.568,270.129
508.653,223.684
508.738,247.687
508.822,213.676
508.907,242.168
508.992,232.619
509.077,265.885
509.161,256.353
509.246,266.05
509.331,264.499
509.416,276.081
509.5,293.023
509.585,244.319
509.67,274.182
509.755,229.967
509.839,221.041
509.924,217.595
510.009,248.565
510.094,265.489
510.178,224.939
510.263,242.048
510.348,231.568
510.433,244.581
510.517,273.85
510.602,243.576
510.687,243.753
510.771,247.752
510.856,241.298
510.941,259.211
511.026,266.637
511.11,228.378
511.195,244.162
511.28,212.638
511.364,245.851
511.449,228.34
511.534,249.169
511.619,232.641
511.703,230.62
511.788,203.254
511.873,208.117
511.957,251.802
512.042,229.993
512.127,245.558
512.211,223.638
512.296,252.9
512.381,243.516
512.466,217.066
512.55,210.75
512.635,241.849
512.72,218.376
512.804,251.873
512.889,247.045
512.974,234.407
513.058,237.123
513.143,232.05
513.228,248.276
513.312,221.597
513.397,193.07
513.482,217.799
513.566,259.782
513.651,223.683
513.736,217.902
513.82,234.747
513.905,264.591
513.99,297.024
514.074,270.227
514.159,299.13
514.244,288.927
514.328,288.127
514.413,276.315
514.498,298.652
514.582,306.215
514.667,310.667
514.752,304.983
514.836,333.705
514.921,291.46
515.005,254.583
515.09,303.961
515.175,260.549
515.259,217.5
515.344,280.553
515.429,247.556
515.513,225.348
515.598,279.937
515.682,266.477
515.767,260.404
515.852,232.114
515.936,268.078
516.021,279.928
516.106,275.17
516.19,241.33
516.275,262.398
516.359,248.658
516.444,277.452
516.529,231.707
516.613,268.679
516.698,281.081
516.782,279.288
516.867,279.414
516.952,256.192
517.036,273.358
517.121,250.453
517.205,219.494
517.29,253.804
517.375,213.085
517.459,252.982
517.544,248.919
517.628,249.93
517.713,261.275
517.798,231.691
517.882,244.831
517.967,248.257
518.051,266.348
518.136,232.754
518.22,251.9
518.305,259.562
518.39,237.822
518.474,260.194
518.559,236.649
518.643,297.118
518.728,260.121
518.812,265.049
518.897,263.802
518.982,292.688
519.066,287.96
519.151,297.292
519.235,310.158
519.32,269.863
519.404,306.821
519.489,359.931
519.573,353.86
519.658,338.411
519.743,320.356
519.827,378.073
519.912,372.945
519.996,412.627
520.081,381.43
520.165,382.492
520.25,379.926
520.334,376.07
520.419,427.519
520.503,421.601
520.588,414.861
520.672,405.358
520.757,417.535
520.841,454.878
520.926,434.521
521.011,468.683
521.095,494.152
521.18,456.689
521.264,497.756
521.349,541.707
521.433,626.093
521.518,602.376
521.602,652.571
521.687,640.945
521.771,701.177
521.856,737.107
521.94,734.559
522.025,731.96
522.109,797.702
522.194,799.321
522.278,849.731
522.363,941.719
522.447,971.319
522.532,1057.71
522.616,1089.08
522.701,1180.32
522.785,1277.9
522.87,1371.6
522.954,1447.97
523.039,1590.88
523.123,1684.09
523.207,1783.38
523.292,1828.86
523.376,1919.2
523.461,1962.49
523.545,2060.13
523.63,2135.26
523.714,2098.72
523.799,1865.03
523.883,1820.42
523.968,1626.15
524.052,1579.39
524.137,1692.41
524.221,1844.73
524.306,1998.83
524.39,1987.66
524.474,2063.92
524.559,2048.16
524.643,1970.45
524.728,1998.37
524.812,2022.57
524.897,2076.57
524.981,2214.81
525.066,2379.65
525.15,2440.17
525.234,2596.39
525.319,2607.34
525.403,2613.7
525.488,2554.58
525.572,2565.34
525.657,2585.29
525.741,2657.48
525.825,2812.65
525.91,2693.45
525.994,2661.66
526.079,2546.46
526.163,2334.4
526.248,2204.65
526.332,2202.82
526.416,2136.29
526.501,2195.04
526.585,2233.42
526.67,2335.91
526.754,2259.59
526.838,2254.59
526.923,2074.29
527.007,2030.54
527.092,1894.56
527.176,1871.06
527.26,1904.41
527.345,1983.81
527.429,1965.48
527.514,1982.75
527.598,1835.16
527.682,1608.43
527.767,1486.26
527.851,1364.66
527.936,1317.05
528.02,1335.36
528.104,1335.96
528.189,1366.47
528.273,1396.6
528.358,1362.2
528.442,1213.61
528.526,1067.83
528.611,1028.53
528.695,968.696
528.779,1008.78
528.864,1095.17
528.948,1116.05
529.032,1106.84
529.117,1055.56
529.201,1007.14
529.286,910.234
529.37,863.952
529.454,808.932
529.539,816.226
529.623,832.507
529.707,889.102
529.792,800.498
529.876,769.116
529.96,650.861
530.045,549.05
530.129,408.948
530.213,393.099
530.298,329.291
530.382,369.279
530.466,320.78
530.551,314.388
530.635,275.55
530.719,292.046
530.804,261.238
530.888,276.681
530.972,271.362
531.057,259.614
531.141,259.498
531.225,275.195
531.31,265.387
531.394,282.903
531.478,288.279
531.563,281.424
531.647,246.287
531.731,293.636
531.816,257.855
531.9,257.906
531.984,288.724
532.068,262.737
532.153,266.138
532.237,310.28
532.321,263.486
532.406,301.424
532.49,293.107
532.574,284.595
532.659,393.161
532.743,450.948
532.827,577.597
532.911,680.037
532.996,937.31
533.08,1289.68
533.164,1680.3
533.249,1841.3
533.333,1683.32
533.417,1487.0
533.501,974.887
533.586,629.865
533.67,334.698
533.754,302.098
533.838,310.301
533.923,310.397
534.007,262.886
534.091,281.115
534.175,260.683
534.26,328.288
534.344,308.057
534.428,258.752
534.513,286.811
534.597,273.154
534.681,263.209
534.765,244.823
534.85,262.806
534.934,281.384
535.018,251.956
535.102,276.539
535.187,267.164
535.271,258.805
535.355,252.2
535.439,270.46
535.523,215.093
535.608,208.447
535.692,256.028
535.776,241.141
535.86,224.056
535.945,250.892
536.029,234.793
536.113,272.258
536.197,223.273
536.282,222.373
536.366,243.667
536.45,243.415
536.534,264.51
536.618,241.748
536.703,279.604
536.787,280.354
536.871,262.604
536.955,270.04
537.039,260.963
537.124,285.38
537.208,285.97
537.292,247.087
537.376,268.791
537.46,254.258
537.545,273.611
537.629,237.644
537.713,221.528
537.797,232.966
537.881,257.212
537.966,246.403
538.05,238.299
538.134,244.221
538.218,264.628
538.302,242.14
538.386,237.26
538.471,252.278
538.555,220.348
538.639,229.029
538.723,205.312
538.807,226.701
538.892,233.614
538.976,208.063
539.06,188.063
539.144,216.419
539.228,241.164
539.312,195.557
539.397,231.736
539.481,228.233
539.565,260.621
539.649,233.41
539.733,218.113
539.817,245.479
539.901,215.599
539.986,241.316
540.07,209.425
540.154,223.895
540.238,233.528
540.322,144.709
540.406,216.79
540.49,209.512
540.575,251.975
540.659,222.724
540.743,266.687
540.827,190.58
540.911,250.891
540.995,261.217
541.079,200.335
541.163,264.393
541.248,253.325
541.332,252.827
541.416,253.041
541.5,234.224
541.584,225.499
541.668,235.614
541.752,224.234
541.836,200.45
541.921,224.164
542.005,200.643
542.089,233.934
542.173,220.548
542.257,246.696
542.341,264.427
542.425,229.324
542.509,208.689
542.593,385.682
542.677,218.799
542.762,215.212
542.846,236.084
542.93,219.796
543.014,215.495
543.098,242.039
543.182,249.103
543.266,237.628
543.35,271.165
543.434,299.893
543.518,335.734
543.602,433.152
543.686,500.337
543.771,616.976
543.855,712.083
543.939,694.193
544.023,589.882
544.107,493.842
544.191,316.204
544.275,266.615
544.359,232.495
544.443,228.055
544.527,221.153
544.611,251.814
544.695,234.177
544.779,278.718
544.863,241.065
544.947,209.958
545.031,219.955
545.115,253.427
545.2,264.801
545.284,215.679
545.368,217.077
545.452,242.846
545.536,264.624
545.62,212.851
545.704,230.11
545.788,228.047
545.872,240.632
545.956,217.68
546.04,255.894
546.124,249.791
546.208,260.672
546.292,268.234
546.376,253.068
546.46,275.21
546.544,254.236
546.628,224.703
546.712,197.025
546.796,207.221
546.88,218.875
546.964,197.457
547.048,259.647
547.132,239.723
547.216,228.613
547.3,228.683
547.384,194.398
547.468,219.694
547.552,208.963
547.636,211.051
547.72,199.924
547.804,198.412
547.888,197.78
547.972,191.628
548.056,197.939
548.14,198.358
548.224,227.463
548.308,169.082
548.392,232.787
548.476,182.103
548.56,193.154
548.644,217.409
548.728,210.617
548.812,249.135
548.896,199.85
548.98,175.07
549.064,215.563
549.148,198.516
549.232,207.5
549.316,206.669
549.4,238.548
549.484,260.764
549.568,213.422
549.652,222.687
549.736,221.692
549.819,219.987
549.903,226.806
549.987,263.264
550.071,207.361
550.155,226.215
550.239,260.154
550.323,257.479
550.407,252.363
550.491,298.191
550.575,237.974
550.659,276.098
550.743,281.043
550.827,279.954
550.911,277.735
550.995,281.288
551.079,346.79
551.162,328.906
551.246,300.346
551.33,331.414
551.414,342.084
551.498,382.642
551.582,387.448
551.666,354.493
551.75,357.008
551.834,371.098
551.918,360.998
552.002,337.676
552.086,375.331
552.17,326.946
552.253,367.923
552.337,404.873
552.421,417.115
552.505,387.696
552.589,377.083
552.673,358.644
552.757,344.204
552.841,371.586
552.925,435.064
553.008,445.049
553.092,493.834
553.176,469.284
553.26,439.516
553.344,452.65
553.428,483.557
553.512,530.788
553.596,554.296
553.68,556.79
553.763,521.318
553.847,534.006
553.931,574.618
554.015,630.841
554.099,713.02
554.183,676.011
554.267,674.675
554.351,738.501
554.434,794.573
554.518,787.08
554.602,838.42
554.686,905.771
554.77,996.261
554.854,991.206
554.938,1107.27
555.021,1126.87
555.105,1169.61
555.189,1200.8
555.273,1212.6
555.357,1231.75
555.441,1351.67
555.524,1317.63
555.608,1271.67
555.692,1276.19
555.776,1186.54
555.86,1152.49
555.944,1140.38
556.027,1210.07
556.111,1267.97
556.195,1330.2
556.279,1320.43
556.363,1394.01
556.447,1359.32
556.53,1320.52
556.614,1415.39
556.698,1373.48
556.782,1450.17
556.866,1496.32
556.949,1643.86
557.033,1751.35
557.117,1795.43
557.201,1781.32
557.285,1759.73
557.369,1915.78
557.452,1900.91
557.536,2009.2
557.62,2135.6
557.704,2252.03
557.788,2298.56
557.871,2506.7
557.955,2680.17
558.039,2832.58
558.123,3003.68
558.206,3165.65
558.29,3339.32
558.374,3373.55
558.458,3540.2
558.542,3683.26
558.625,3726.91
558.709,4009.1
558.793,4297.9
558.877,4384.58
558.961,4571.47
559.044,4290.2
559.128,3849.37
559.212,3364.46
559.296,3075.94
559.379,2802.1
559.463,2965.25
559.547,3172.05
559.631,3463.82
559.714,3518.08
559.798,3520.03
559.882,3372.18
559.966,3139.37
560.049,2928.14
560.133,2940.19
560.217,2697.07
560.301,2748.99
560.384,2681.36
560.468,2807.06
560.552,2945.62
560.636,3181.96
560.719,3182.06
560.803,3048.16
560.887,2636.3
560.971,2392.85
561.054,2264.7
561.138,2209.35
561.222,2270.38
561.305,2428.38
561.389,2527.3
561.473,2666.81
561.557,2809.42
561.64,2856.52
561.724,2879.36
561.808,2674.12
561.892,2454.34
561.975,2202.42
562.059,2046.16
562.143,1942.01
562.226,2103.58
562.31,2323.4
562.394,2501.03
562.477,2465.07
562.561,2426.4
562.645,2262.33
562.729,1955.91
562.812,1650.66
562.896,1641.59
562.98,1684.98
563.063,1640.4
563.147,1648.9
563.231,1678.0
563.314,1758.66
563.398,1877.25
563.482,1742.11
563.565,1469.59
563.649,1136.67
563.733,821.156
563.817,543.248
563.9,518.653
563.984,507.705
564.068,506.86
564.151,455.087
564.235,470.416
564.319,456.771
564.402,452.203
564.486,362.607
564.57,348.065
564.653,258.214
564.737,265.004
564.821,249.908
564.904,241.661
564.988,211.323
565.071,241.763
565.155,237.684
565.239,190.756
565.322,276.959
565.406,205.013
565.49,201.421
565.573,240.871
565.657,197.749
565.741,220.882
565.824,212.827
565.908,218.09
565.992,239.707
566.075,206.387
566.159,222.69
566.242,217.834
566.326,203.426
566.41,218.582
566.493,197.829
566.577,295.704
566.661,236.903
566.744,227.523
566.828,243.891
566.911,247.961
566.995,287.755
567.079,215.357
567.162,247.084
567.246,246.166
567.329,239.618
567.413,243.75
567.497,259.61
567.58,232.558
567.664,231.591
567.747,217.65
567.831,238.324
567.915,266.71
567.998,230.244
568.082,216.667
568.165,207.263
568.249,252.237
568.333,267.389
568.416,281.055
568.5,272.479
568.583,282.203
568.667,281.902
568.751,255.746
568.834,285.798
568.918,264.885
569.001,257.501
569.085,274.891
569.168,258.546
569.252,303.744
569.336,258.063
569.419,257.492
569.503,255.05
569.586,266.214
569.67,242.818
569.753,242.278
569.837,271.39
569.92,223.233
570.004,244.822
570.088,238.66
570.171,221.22
570.255,219.144
570.338,248.195
570.422,227.698
570.505,236.129
570.589,233.446
570.672,181.048
570.756,223.347
570.839,243.923
570.923,222.188
571.007,233.385
571.09,232.94
571.174,243.07
571.257,216.485
571.341,267.533
571.424,192.893
571.508,213.152
571.591,229.459
571.675,201.052
571.758,213.536
571.842,212.152
571.925,226.342
572.009,217.683
572.092,199.539
572.176,245.21
572.259,208.241
572.343,241.407
572.426,200.705
572.51,238.475
572.593,228.158
572.677,195.611
572.76,224.893
572.844,170.428
572.927,198.512
573.011,219.274
573.094,220.096
573.178,212.304
573.261,229.803
573.345,197.186
573.428,253.099
573.512,236.065
573.595,235.194
573.679,259.911
573.762,224.498
573.846,265.121
573.929,232.466
574.013,231.681
574.096,232.087
574.18,243.018
574.263,257.194
574.347,249.909
574.43,263.094
574.514,249.773
574.597,207.007
574.68,239.339
574.764,254.252
574.847,235.556
574.931,238.831
575.014,233.069
575.098,251.27
575.181,233.265
575.265,227.827
575.348,255.621
575.432,207.323
575.515,255.59
575.598,220.304
575.682,224.789
575.765,232.597
575.849,237.801
575.932,200.616
576.016,260.552
576.099,216.682
576.182,266.918
576.266,235.316
576.349,216.966
576.433,262.697
576.516,224.215
576.6,242.986
576.683,221.107
576.766,260.543
576.85,221.142
576.933,232.311
577.017,237.901
577.1,256.556
577.184,214.507
577.267,229.146
577.35,233.571
577.434,236.638
577.517,202.112
577.601,223.542
577.684,228.068
577.767,225.622
577.851,209.912
577.934,219.058
578.018,192.667
578.101,179.089
578.184,231.662
578.268,226.708
578.351,191.768
578.435,206.251
578.518,178.972
578.601,217.482
578.685,224.098
578.768,203.526
578.851,220.487
578.935,237.744
579.018,216.818
579.102,247.547
579.185,243.244
579.268,256.383
579.352,267.344
579.435,241.521
579.518,256.576
579.602,273.075
579.685,295.265
579.768,260.98
579.852,262.961
579.935,275.83
580.019,299.013
580.102,320.799
580.185,281.468
580.269,282.372
580.352,310.052
580.435,292.014
580.519,284.071
580.602,273.695
580.685,297.966
580.769,343.483
580.852,363.917
580.935,324.759
581.019,304.906
581.102,353.509
581.185,344.656
581.269,381.208
581.352,321.064
581.435,349.604
581.519,348.273
581.602,392.884
581.685,393.067
581.769,370.899
581.852,390.071
581.935,412.683
582.019,384.21
582.102,358.341
582.185,405.276
582.269,444.716
582.352,459.543
582.435,429.647
582.518,464.996
582.602,472.268
582.685,462.29
582.768,516.425
582.852,554.645
582.935,499.411
583.018,549.798
583.102,554.76
583.185,606.209
583.268,627.531
583.351,635.343
583.435,668.507
583.518,688.666
583.601,688.087
583.685,691.849
583.768,689.43
583.851,692.535
583.934,695.685
584.018,619.487
584.101,579.708
584.184,600.637
584.267,533.645
584.351,586.644
584.434,591.948
584.517,586.588
584.601,631.778
584.684,595.974
584.767,573.105
584.85,557.701
584.934,610.235
585.017,612.225
585.1,568.17
585.183,625.713
585.267,599.835
585.35,555.018
585.433,631.407
585.516,675.13
585.6,657.184
585.683,696.202
585.766,690.249
585.849,678.426
585.933,603.83
586.016,606.766
586.099,636.157
586.182,659.874
586.266,677.885
586.349,681.504
586.432,698.037
586.515,741.744
586.598,798.507
586.682,768.441
586.765,794.291
586.848,824.288
586.931,771.54
587.015,769.555
587.098,793.585
587.181,785.411
587.264,870.516
587.347,870.288
587.431,938.342
587.514,975.206
587.597,1017.88
587.68,970.833
587.763,1044.53
587.847,983.948
587.93,939.69
588.013,985.248
588.096,916.055
588.179,863.832
588.263,827.075
588.346,809.115
588.429,801.47
588.512,781.098
588.595,835.327
588.678,829.583
588.762,906.661
588.845,817.851
588.928,799.278
589.011,783.243
589.094,759.198
589.178,814.459
589.261,882.099
589.344,943.865
589.427,1000.99
589.51,929.906
589.593,889.996
589.677,814.849
589.76,788.568
589.843,828.433
589.926,804.153
590.009,805.351
590.092,734.301
590.176,601.122
590.259,611.012
590.342,608.667
590.425,552.96
590.508,619.862
590.591,597.34
590.674,668.315
590.758,657.235
590.841,752.836
590.924,666.818
591.007,646.079
591.09,651.419
591.173,590.999
591.256,657.471
591.339,654.02
591.423,593.005
591.506,613.933
591.589,639.092
591.672,689.277
591.755,688.73
591.838,716.695
591.921,689.941
592.004,675.843
592.088,629.216
592.171,611.752
592.254,636.612
592.337,634.121
592.42,617.462
592.503,655.412
592.586,633.387
592.669,658.517
592.752,646.646
592.836,609.545
592.919,665.034
593.002,617.964
593.085,580.111
593.168,563.73
593.251,484.324
593.334,498.528
593.417,451.763
593.5,517.58
593.583,540.286
593.666,540.732
593.75,565.152
593.833,569.535
593.916,531.073
593.999,545.202
594.082,537.029
594.165,477.817
594.248,522.867
594.331,548.875
594.414,615.761
594.497,639.808
594.58,603.562
594.663,623.826
594.746,566.543
594.829,585.531
594.913,562.067
594.996,666.364
595.079,661.215
595.162,687.615
595.245,718.069
595.328,728.725
595.411,797.109
595.494,782.614
595.577,774.277
595.66,812.541
595.743,849.692
595.826,884.664
595.909,990.82
595.992,984.361
596.075,1131.62
596.158,1187.91
596.241,1187.46
596.324,1243.29
596.407,1286.8
596.49,1321.39
596.573,1265.94
596.656,1285.25
596.739,1289.49
596.822,1339.41
596.905,1371.95
596.988,1475.35
597.071,1589.0
597.154,1716.91
597.237,1614.49
597.32,1742.79
597.404,1837.55
597.487,1871.74
597.57,2003.87
597.653,1973.84
597.736,2078.61
597.819,2157.28
597.902,2096.16
597.985,2089.36
598.068,1907.83
598.151,1713.88
598.234,1569.39
598.316,1510.99
598.399,1486.32
598.482,1594.21
598.565,1628.11
598.648,1634.79
598.731,1660.68
598.814,1594.94
598.897,1560.96
598.98,1532.98
599.063,1452.13
599.146,1484.09
599.229,1531.24
599.312,1400.51
599.395,1446.08
599.478,1441.97
599.561,1521.98
599.644,1642.12
599.727,1563.9
599.81,1627.68
599.893,1603.43
599.976,1570.84
600.059,1450.27
600.142,1359.42
600.225,1273.28
600.308,1206.56
600.391,1182.77
600.474,1284.69
600.557,1383.21
600.64,1413.53
600.723,1477.8
600.805,1475.61
600.888,1560.62
600.971,1506.27
601.054,1456.13
601.137,1344.4
601.22,1281.41
601.303,1207.55
601.386,1175.48
601.469,1210.7
601.552,1171.06
601.635,1213.28
601.718,1245.62
601.801,1280.39
601.884,1267.47
601.966,1333.46
602.049,1231.19
602.132,1047.98
602.215,984.35
602.298,895.034
602.381,915.334
602.464,898.363
602.547,911.155
602.63,897.122
602.713,965.445
602.796,937.268
602.878,966.964
602.961,994.798
603.044,961.951
603.127,934.08
603.21,782.656
603.293,599.979
603.376,550.623
603.459,426.908
603.542,335.69
603.624,338.767
603.707,337.201
603.79,350.91
603.873,357.276
603.956,384.988
604.039,351.767
604.122,286.117
604.205,301.01
604.287,279.753
604.37,261.271
604.453,244.345
604.536,283.109
604.619,222.89
604.702,218.232
604.785,292.209
604.868,272.458
604.95,317.011
605.033,334.827
605.116,376.037
605.199,358.15
605.282,326.227
605.365,303.788
605.448,260.628
605.53,253.683
605.613,204.416
605.696,230.773
605.779,194.7
605.862,228.413
605.945,252.227
606.027,226.159
606.11,220.952
606.193,204.863
606.276,200.81
606.359,224.078
606.442,200.003
606.524,199.594
606.607,206.899
606.69,181.896
606.773,189.956
606.856,210.552
606.939,215.238
607.021,255.221
607.104,193.435
607.187,226.891
607.27,189.459
607.353,196.958
607.435,222.167
607.518,196.291
607.601,207.804
607.684,219.844
607.767,160.08
607.849,169.056
607.932,205.144
608.015,213.194
608.098,180.012
608.181,236.151
608.263,165.792
608.346,185.063
608.429,157.635
608.512,227.317
608.595,215.945
608.677,178.693
608.76,199.017
608.843,189.217
608.926,190.978
609.008,197.22
609.091,162.469
609.174,185.753
609.257,152.137
609.34,190.398
609.422,214.049
609.505,204.122
609.588,205.685
609.671,204.901
609.753,239.716
609.836,215.788
609.919,179.374
610.002,183.688
610.084,202.594
610.167,205.326
610.25,201.575
610.333,191.817
610.415,165.717
610.498,169.848
610.581,210.395
610.664,219.273
610.746,240.024
610.829,287.375
610.912,257.811
610.995,241.561
611.077,296.609
611.16,298.929
611.243,305.974
611.326,304.936
611.408,317.812
611.491,352.751
611.574,337.389
611.656,343.682
611.739,343.974
611.822,297.999
611.905,336.004
611.987,349.06
612.07,334.377
612.153,299.418
612.235,306.053
612.318,328.659
612.401,253.114
612.484,250.719
612.566,260.826
612.649,258.309
612.732,250.432
612.814,244.038
612.897,229.368
612.98,260.342
613.062,250.18
613.145,265.988
613.228,236.891
613.311,276.794
613.393,270.188
613.476,237.386
613.559,254.626
613.641,275.778
613.724,248.617
613.807,268.919
613.889,255.917
613.972,235.693
614.055,245.963
614.137,252.414
614.22,260.447
614.303,228.273
614.385,213.604
614.468,274.331
614.551,240.109
614.633,266.646
614.716,242.986
614.799,312.217
614.881,263.679
614.964,271.069
615.047,273.71
615.129,301.241
615.212,305.028
615.295,297.259
615.377,268.209
615.46,311.732
615.543,415.63
615.625,480.085
615.708,691.651
615.791,1031.2
615.873,1449.19
615.956,2035.98
616.038,2604.88
616.121,3194.33
616.204,3737.64
616.286,4095.54
616.369,4000.07
616.452,3624.01
616.534,2773.7
616.617,1849.13
616.699,1121.02
616.782,586.175
616.865,370.52
616.947,351.746
617.03,300.446
617.113,302.176
617.195,315.971
617.278,417.135
617.36,309.25
617.443,340.282
617.526,306.692
617.608,335.826
617.691,299.087
617.773,348.172
617.856,340.605
617.939,351.831
618.021,342.379
618.104,331.935
618.186,339.103
618.269,366.697
618.352,328.118
618.434,323.859
618.517,324.218
618.599,316.173
618.682,311.89
618.765,301.182
618.847,257.16
618.93,304.592
619.012,290.718
619.095,276.091
619.177,303.452
619.26,252.337
619.343,284.882
619.425,304.795
619.508,273.651
619.59,244.086
619.673,247.139
619.755,247.191
619.838,262.577
619.92,299.409
620.003,291.14
620.086,309.096
620.168,283.268
620.251,290.646
620.333,279.085
620.416,289.087
620.498,272.656
620.581,230.754
620.663,239.251
620.746,250.377
620.829,233.351
620.911,235.845
620.994,269.643
621.076,265.914
621.159,237.852
621.241,261.238
621.324,266.64
621.406,306.808
621.489,272.594
621.571,286.918
621.654,258.339
621.736,255.37
621.819,278.956
621.901,278.869
621.984,271.931
622.066,261.183
622.149,214.103
622.231,296.268
622.314,284.5
622.396,260.772
622.479,272.901
622.561,259.489
622.644,285.191
622.726,278.89
622.809,242.397
622.891,264.9
622.974,273.54
623.056,310.215
623.139,253.492
623.221,267.644
623.304,238.426
623.386,242.558
623.469,261.965
623.551,261.246
623.634,256.811
623.716,259.239
623.799,217.441
623.881,250.639
623.964,219.35
624.046,185.058
624.129,211.276
624.211,234.75
624.294,226.52
624.376,188.976
624.459,209.988
624.541,188.991
624.624,195.774
624.706,185.784
624.788,187.782
624.871,187.756
624.953,223.936
625.036,175.728
625.118,207.817
625.201,205.377
625.283,220.968
625.366,235.634
625.448,172.127
625.531,194.905
625.613,208.669
625.695,189.8
625.778,199.699
625.86,237.446
625.943,245.133
626.025,232.275
626.108,244.852
626.19,247.036
626.272,263.905
626.355,259.038
626.437,267.862
626.52,261.74
626.602,248.709
626.685,270.315
626.767,272.554
626.849,298.14
626.932,302.78
627.014,252.223
627.097,270.018
627.179,281.52
627.262,255.48
627.344,249.993
627.426,240.835
627.509,234.921
627.591,219.056
627.674,230.03
627.756,263.261
627.838,254.745
627.921,267.869
628.003,245.615
628.086,276.266
628.168,276.9
628.25,265.443
628.333,235.769
628.415,247.47
628.497,246.646
628.58,247.761
628.662,284.315
628.745,284.421
628.827,284.055
628.909,320.792
628.992,292.63
629.074,312.731
629.157,314.491
629.239,317.526
629.321,313.522
629.404,313.25
629.486,322.079
629.568,299.636
629.651,353.961
629.733,331.423
629.815,351.146
629.898,366.783
629.98,335.559
630.063,312.412
630.145,330.899
630.227,332.492
630.31,370.459
630.392,286.698
630.474,323.716
630.557,307.294
630.639,330.408
630.721,341.766
630.804,309.703
630.886,373.751
630.968,353.449
631.051,340.85
631.133,313.024
631.215,334.269
631.298,312.568
631.38,297.715
631.462,317.817
631.545,341.025
631.627,351.51
631.709,369.896
631.792,370.548
631.874,377.04
631.956,382.273
632.039,397.497
632.121,399.881
632.203,394.253
632.285,373.655
632.368,382.853
632.45,371.535
632.532,424.56
632.615,399.671
632.697,412.974
632.779,424.117
632.862,425.295
632.944,381.002
633.026,419.666
633.108,448.999
633.191,399.063
633.273,430.676
633.355,473.591
633.438,462.322
633.52,505.015
633.602,498.003
633.684,482.694
633.767,533.561
633.849,506.953
633.931,507.392
634.014,548.46
634.096,565.342
634.178,561.818
634.26,584.869
634.343,605.039
634.425,587.44
634.507,588.11
634.589,656.336
634.672,667.476
634.754,703.166
634.836,647.288
634.918,710.351
635.001,689.473
635.083,757.62
635.165,792.794
635.248,822.014
635.33,889.613
635.412,896.3
635.494,866.129
635.576,899.263
635.659,987.595
635.741,950.606
635.823,1019.1
635.905,1041.62
635.988,1100.05
636.07,1092.93
636.152,1174.45
636.234,1196.79
636.317,1181.33
636.399,1231.27
636.481,1328.15
636.563,1386.09
636.645,1332.45
636.728,1314.83
636.81,1305.09
636.892,1272.49
636.974,1208.17
637.057,1176.43
637.139,1129.53
637.221,1089.99
637.303,1038.17
637.385,1022.59
637.468,1052.82
637.55,1063.71
637.632,1023.92
637.714,1024.29
637.796,1068.44
637.879,1077.63
637.961,988.647
638.043,965.862
638.125,948.808
638.207,952.533
638.29,966.355
638.372,952.688
638.454,969.583
638.536,1006.63
638.618,998.755
638.701,995.912
638.783,1066.79
638.865,1072.62
638.947,1096.69
639.029,1027.84
639.111,970.866
639.194,963.302
639.276,920.902
639.358,908.536
639.44,834.758
639.522,855.064
639.604,876.789
639.687,931.899
639.769,927.251
639.851,922.21
639.933,976.143
640.015,987.799
640.097,1001.03
640.179,963.067
640.262,920.543
640.344,928.997
640.426,860.797
640.508,840.3
640.59,795.538
640.672,805.339
640.754,819.833
640.837,787.415
640.919,793.935
641.001,847.059
641.083,802.521
641.165,852.214
641.247,846.242
641.329,793.471
641.412,761.253
641.494,731.715
641.576,713.509
641.658,680.579
641.74,584.213
641.822,611.474
641.904,600.971
641.986,645.49
642.068,593.798
642.151,595.217
642.233,636.064
642.315,654.962
642.397,673.13
642.479,689.032
642.561,627.029
642.643,588.875
642.725,511.5
642.807,476.676
642.89,470.307
642.972,403.903
643.054,336.588
643.136,305.5
643.218,281.804
643.3,303.191
643.382,274.344
643.464,289.828
643.546,253.51
643.628,261.177
643.71,277.595
643.792,241.292
643.875,244.391
643.957,227.263
644.039,239.59
644.121,211.214
644.203,197.917
644.285,169.935
644.367,179.881
644.449,165.551
644.531,214.601
644.613,208.209
644.695,189.815
644.777,205.095
644.859,140.41
644.941,201.039
645.023,204.734
645.105,208.16
645.188,193.412
645.27,172.91
645.352,204.545
645.434,181.77
645.516,179.895
645.598,196.38
645.68,240.815
645.762,239.854
645.844,336.047
645.926,462.304
646.008,562.885
646.09,700.398
646.172,792.998
646.254,839.513
646.336,882.77
646.418,902.159
646.5,856.422
646.582,797.548
646.664,653.758
646.746,477.266
646.828,391.082
646.91,305.101
646.992,232.707
647.074,181.669
647.156,182.076
647.238,194.7
647.32,183.422
647.402,206.185
647.484,212.578
647.566,213.233
647.648,188.374
647.73,203.833
647.812,196.226
647.894,157.133
647.976,171.163
648.058,161.431
648.14,179.274
648.222,144.735
648.304,200.556
648.386,180.94
648.468,174.839
648.55,143.223
648.632,169.955
648.714,169.31
648.796,177.879
648.878,140.877
648.96,134.553
649.042,118.99
649.124,174.798
649.206,164.353
649.288,168.954
649.37,144.253
649.452,181.111
649.534,183.62
649.616,148.118
649.698,200.803
649.78,152.155
649.862,161.879
649.944,160.675
650.026,160.353
650.107,209.904
650.189,144.301
650.271,179.95
650.353,183.415
650.435,172.114
650.517,154.256
650.599,142.845
650.681,161.609
650.763,118.483
650.845,170.293
650.927,138.84
651.009,153.402
651.091,150.146
651.173,170.267
651.255,149.882
651.337,200.711
651.418,161.446
651.5,165.661
651.582,160.483
651.664,154.731
651.746,155.887
651.828,162.441
651.91,166.182
651.992,171.061
652.074,172.297
652.156,153.24
652.238,191.717
652.319,121.836
652.401,143.615
652.483,148.749
652.565,162.567
652.647,175.571
652.729,136.808
652.811,179.135
652.893,156.491
652.975,212.682
653.057,149.684
653.138,184.727
653.22,150.11
653.302,132.463
653.384,174.655
653.466,187.137
653.548,136.267
653.63,145.479
653.712,159.04
653.793,191.619
653.875,168.426
653.957,141.65
654.039,176.377
654.121,166.576
654.203,193.686
654.285,141.905
654.367,145.512
654.448,196.011
654.53,155.163
654.612,157.08
654.694,159.151
654.776,124.395
654.858,159.884
654.94,145.686
655.021,171.915
655.103,138.476
655.185,152.306
655.267,131.963
655.349,158.899
655.431,133.421
655.512,150.515
655.594,163.858
655.676,142.013
655.758,196.869
655.84,178.908
655.922,192.077
656.004,162.56
656.085,172.001
656.167,171.612
656.249,154.942
656.331,187.988
656.413,170.2
656.494,177.827
656.576,171.248
656.658,166.988
656.74,146.89
656.822,147.966
656.904,185.812
656.985,165.874
657.067,156.826
657.149,177.712
657.231,185.132
657.313,237.247
657.394,212.822
657.476,187.801
657.558,185.682
657.64,162.397
657.722,161.828
657.803,192.175
657.885,231.281
657.967,166.252
658.049,140.003
658.131,156.197
658.212,160.797
658.294,173.712
658.376,131.891
658.458,172.648
658.539,155.552
658.621,117.382
658.703,152.762
658.785,147.46
658.867,160.613
658.948,162.471
659.03,119.687
659.112,113.536
659.194,170.99
659.275,229.825
659.357,137.647
659.439,127.329
659.521,161.053
659.602,180.487
659.684,141.982
659.766,114.325
659.848,150.004
659.929,133.005
660.011,115.204
660.093,143.879
660.175,134.943
660.256,146.45
660.338,101.952
660.42,172.441
660.502,126.091
660.583,136.406
660.665,214.145
660.747,84.9291
660.829,134.33
660.91,133.258
660.992,141.702
661.074,156.752
661.156,116.184
661.237,118.71
661.319,142.955
661.401,128.375
661.482,123.72
661.564,186.904
661.646,130.868
661.728,134.162
661.809,160.213
661.891,124.267
661.973,165.208
662.054,147.036
662.136,146.954
662.218,160.241
662.299,168.888
662.381,167.917
662.463,170.749
662.545,178.063
662.626,167.501
662.708,149.504
662.79,158.553
662.871,146.909
662.953,147.769
663.035,126.028
663.116,105.034
663.198,138.05
663.28,154.998
663.361,137.69
663.443,153.721
663.525,170.295
663.607,164.512
663.688,192.345
663.77,223.782
663.852,151.369
663.933,150.105
664.015,162.067
664.097,159.317
664.178,172.846
664.26,138.943
664.342,169.712
664.423,140.445
664.505,151.391
664.587,145.83
664.668,141.647
664.75,180.803
664.831,153.599
664.913,190.064
664.995,238.794
665.076,209.066
665.158,177.164
665.24,225.328
665.321,176.292
665.403,214.953
665.485,178.921
665.566,171.784
665.648,160.977
665.73,153.353
665.811,127.858
665.893,151.572
665.974,164.954
666.056,165.232
666.138,152.989
666.219,133.349
666.301,185.314
666.383,169.581
666.464,177.394
666.546,157.664
666.627,164.621
666.709,150.817
666.791,165.295
666.872,156.156
666.954,170.45
667.035,154.662
667.117,163.909
667.199,149.266
667.28,149.338
667.362,116.374
667.443,183.922
667.525,183.917
667.607,211.467
667.688,167.999
667.77,165.417
667.851,162.212
667.933,197.404
668.015,195.459
668.096,196.853
668.178,197.124
668.259,201.897
668.341,191.29
668.423,177.904
668.504,189.789
668.586,191.148
668.667,168.719
668.749,182.695
668.83,206.253
668.912,245.851
668.994,266.348
669.075,193.587
669.157,222.386
669.238,192.709
669.32,221.79
669.401,180.732
669.483,243.491
669.564,210.888
669.646,232.535
669.728,202.658
669.809,256.606
669.891,248.94
669.972,229.869
670.054,295.775
670.135,253.571
670.217,240.383
670.298,248.398
670.38,278.669
670.461,301.476
670.543,292.949
670.625,276.005
670.706,293.258
670.788,283.307
670.869,264.432
670.951,302.283
671.032,301.462
671.114,316.121
671.195,329.77
671.277,334.697
671.358,298.317
671.44,328.004
671.521,293.437
671.603,352.384
671.684,342.38
671.766,293.233
671.847,292.574
671.929,268.981
672.01,260.816
672.092,264.331
672.173,252.52
672.255,280.039
672.336,249.462
672.418,275.723
672.499,275.475
672.581,270.232
672.662,301.24
672.744,245.752
672.825,265.04
672.907,288.099
672.988,305.797
673.07,351.853
673.151,392.135
673.233,381.656
673.314,388.889
673.396,364.032
673.477,351.118
673.559,358.081
673.64,339.086
673.722,334.437
673.803,302.84
673.885,289.07
673.966,301.805
674.047,277.093
674.129,266.599
674.21,276.94
674.292,251.674
674.373,232.785
674.455,230.348
674.536,232.09
674.618,265.796
674.699,240.361
674.781,277.267
674.862,284.992
674.943,276.195
675.025,250.594
675.106,238.116
675.188,314.21
675.269,268.337
675.351,271.857
675.432,264.982
675.514,264.435
675.595,259.009
675.676,236.312
675.758,265.83
675.839,241.98
675.921,281.432
676.002,245.77
676.084,269.045
676.165,298.3
676.246,286.324
676.328,281.637
676.409,320.802
676.491,272.118
676.572,264.002
676.653,281.77
676.735,281.287
676.816,252.981
676.898,260.368
676.979,256.597
677.06,282.013
677.142,257.452
677.223,277.973
677.305,279.051
677.386,285.017
677.467,319.291
677.549,314.387
677.63,296.145
677.712,309.413
677.793,313.08
677.874,297.906
677.956,299.051
678.037,310.674
678.119,324.72
678.2,303.533
678.281,331.111
678.363,361.821
678.444,341.91
678.525,304.238
678.607,296.292
678.688,326.75
678.77,316.745
678.851,291.625
678.932,281.341
679.014,325.783
679.095,374.341
679.176,341.096
679.258,395.328
679.339,349.519
679.42,355.292
679.502,370.852
679.583,341.674
679.664,351.94
679.746,394.947
679.827,417.884
679.909,422.682
679.99,436.481
680.071,437.509
680.153,465.515
680.234,440.589
680.315,442.193
680.397,438.012
680.478,392.557
680.559,383.568
680.641,357.369
680.722,345.376
680.803,323.469
680.885,349.881
680.966,318.299
681.047,409.022
681.128,362.996
681.21,354.416
681.291,313.378
681.372,320.778
681.454,326.482
681.535,314.727
681.616,323.869
681.698,293.359
681.779,305.993
681.86,295.758
681.942,338.591
682.023,340.455
682.104,316.91
682.186,321.707
682.267,328.677
682.348,326.335
682.429,330.741
682.511,358.114
682.592,364.289
682.673,336.922
682.755,376.955
682.836,334.716
682.917,352.099
682.998,328.508
683.08,360.209
683.161,314.672
683.242,273.57
683.324,275.111
683.405,280.34
683.486,291.325
683.567,288.322
683.649,281.586
683.73,337.835
683.811,367.686
683.892,301.134
683.974,349.937
684.055,282.022
684.136,303.806
684.217,291.085
684.299,278.255
684.38,295.504
684.461,282.431
684.542,288.126
684.624,224.133
684.705,296.051
684.786,281.128
684.867,233.261
684.949,282.27
685.03,275.921
685.111,299.053
685.192,314.48
685.274,300.98
685.355,316.202
685.436,253.212
685.517,287.277
685.599,396.796
685.68,245.829
685.761,218.993
685.842,213.604
685.923,219.029
686.005,216.124
686.086,240.04
686.167,213.781
686.248,216.32
686.33,207.791
686.411,251.223
686.492,213.971
686.573,208.291
686.654,191.736
686.736,221.985
686.817,234.14
686.898,229.154
686.979,194.128
687.06,234.046
687.142,198.134
687.223,170.302
687.304,126.158
687.385,113.053
687.466,98.3984
687.548,91.4726
687.629,124.927
687.71,109.137
687.791,119.458
687.872,133.36
687.953,120.174
688.035,121.619
688.116,85.9745
688.197,127.717
688.278,116.663
688.359,119.249
688.441,113.481
688.522,117.705
688.603,86.9564
688.684,97.8354
688.765,119.115
688.846,92.0258
688.928,118.455
689.009,96.1216
689.09,83.0485
689.171,92.7886
689.252,96.1911
689.333,87.5367
689.414,108.528
689.496,72.7445
689.577,100.487
689.658,89.955
689.739,86.6761
689.82,121.826
689.901,89.1166
689.982,111.144
690.064,64.4821
690.145,122.567
690.226,68.5795
690.307,93.4657
690.388,82.6469
690.469,66.2438
690.55,103.606
690.632,96.7581
690.713,120.488
690.794,92.8933
690.875,107.691
690.956,112.079
691.037,115.685
691.118,147.128
691.199,173.744
691.28,108.577
691.362,99.5661
691.443,80.4925
691.524,89.2001
691.605,105.299
691.686,111.889
691.767,120.592
691.848,113.188
691.929,135.775
692.01,76.6693
692.091,122.421
692.173,121.914
692.254,132.482
692.335,139.256
692.416,132.984
692.497,118.489
692.578,155.294
692.659,127.111
692.74,149.811
692.821,128.346
692.902,92.5641
692.983,108.041
693.065,68.145
693.146,107.206
693.227,103.662
693.308,56.4184
693.389,113.612
693.47,87.5584
693.551,88.4491
693.632,70.9342
693.713,100.682
693.794,54.3541
693.875,112.865
693.956,88.3596
694.037,91.2399
694.118,94.8353
694.199,70.0965
694.28,71.1606
694.362,77.724
694.443,112.682
694.524,68.3037
694.605,109.082
694.686,80.3211
694.767,121.957
694.848,98.5673
694.929,87.1163
695.01,88.4767
695.091,135.304
695.172,106.988
695.253,110.526
695.334,114.344
695.415,68.9025
695.496,75.093
695.577,75.3227
695.658,100.725
695.739,97.8328
695.82,115.024
695.901,93.8089
695.982,70.8525
696.063,123.277
696.144,90.3387
696.225,102.611
696.306,96.7219
696.387,69.7207
696.468,89.4214
696.549,98.1196
696.63,65.4521
696.711,82.5043
696.792,85.9924
696.873,40.5081
696.954,67.5463
697.035,79.8929
697.116,95.5351
697.197,69.928
697.278,106.451
697.359,106.487
697.44,105.195
697.521,90.8828
697.602,73.3977
697.683,107.612
697.764,89.4955
697.845,99.827
697.926,83.345
698.007,69.0406
698.088,90.4907
698.169,90.4599
698.25,89.2463
698.331,58.741
698.412,80.5968
698.493,91.3883
698.574,99.174
698.655,75.9945
698.736,120.327
698.817,89.7631
698.898,100.777
698.979,77.8183
699.06,111.844
699.141,84.0362
699.221,106.954
699.302,99.3404
699.383,100.2
699.464,62.0806
699.545,121.0
699.626,76.7415
699.707,98.7968
699.788,68.7223
699.869,82.559
699.95,99.418
700.031,98.5025
700.112,98.3409
700.193,78.8858
700.274,100.103
700.355,75.9155
700.436,117.809
700.516,110.123
700.597,86.35
700.678,104.515
700.759,83.0001
700.84,105.052
700.921,107.663
701.002,114.734
701.083,100.969
701.164,91.5845
701.245,68.7172
701.326,75.3872
701.407,87.213
701.487,138.518
701.568,125.983
701.649,183.571
701.73,201.802
701.811,304.666
701.892,289.472
701.973,305.595
702.054,293.5
702.135,246.247
702.215,137.958
702.296,130.146
702.377,115.868
702.458,85.298
702.539,82.4389
702.62,84.7608
702.701,12.7524
702.782,0.0
702.863,0.0
702.943,0.0
703.024,8.30325
703.105,4.53496
703.186,13.2731
703.267,0.0
703.348,79.4186
703.429,0.0
703.509,0.0
703.59,0.0
703.671,0.0
703.752,0.0
703.833,0.0
703.914,0.0
703.995,0.0
704.075,0.0
704.156,0.0
704.237,0.0
704.318,0.0
704.399,0.0
704.48,0.0
704.561,0.0
704.641,0.0
704.722,0.0
704.803,0.0
704.884,0.0
704.965,0.0
705.046,0.0
705.126,0.0
705.207,0.0
705.288,0.0
705.369,0.0
705.45,0.0
705.531,0.0
705.611,0.0
705.692,0.0
705.773,0.0
705.854,0.0
705.935,0.0
706.015,0.0
706.096,0.0
706.177,0.0
706.258,0.0
706.339,0.0
706.419,0.0
706.5,0.0
706.581,0.0
706.662,0.0
706.743,0.0
706.823,0.0
706.904,0.0
706.985,0.0
707.066,0.0
707.147,0.0
707.227,0.0
707.308,0.0
707.389,0.0
707.47,0.0
707.551,0.0
707.631,0.0
707.712,0.0
707.793,0.0
707.874,0.0
707.954,0.0
708.035,0.0
708.116,0.0
708.197,0.0
708.277,0.0
708.358,0.0
708.439,0.0
708.52,0.0
708.601,0.0
708.681,0.0
708.762,0.0
708.843,0.0
708.924,0.0
709.004,0.0
709.085,0.0
709.166,0.0
709.247,0.0
709.327,0.0
709.408,0.0
709.489,0.0
709.569,0.0
709.65,0.0
709.731,0.0
709.812,0.0
709.892,0.0
709.973,0.0
710.054,0.0
710.135,0.0
710.215,0.0
710.296,0.0
710.377,0.0
710.457,0.0
710.538,0.0
710.619,0.0
710.7,0.0
710.78,0.0
710.861,0.0
710.942,0.0
711.022,0.0
711.103,0.0
711.184,0.0
711.265,0.0
711.345,0.0
711.426,0.0
711.507,0.0
711.587,0.0
711.668,0.0
711.749,0.0
711.829,0.0
711.91,0.0
711.991,0.0
712.072,0.0
712.152,0.0
712.233,0.0
712.314,0.0
712.394,0.0
712.475,0.0
712.556,0.0
712.636,0.0
712.717,0.0
712.798,0.0
712.878,0.0
712.959,0.0
