Î»,sp1_E
394.019,0.0
394.106,8.55023
394.192,0.0
394.279,4.31363
394.366,7.1849
394.453,1.17743
394.54,0.0
394.627,0.0
394.714,0.0
394.801,1.72356
394.888,116.169
394.975,91.9507
395.062,150.156
395.149,97.5798
395.236,147.468
395.323,103.55
395.41,151.51
395.497,156.781
395.584,125.997
395.671,74.6394
395.758,86.49
395.845,101.091
395.932,110.897
396.019,638.073
396.105,1258.52
396.192,1247.96
396.279,1197.61
396.366,1252.09
396.453,1221.26
396.54,1216.25
396.627,1349.04
396.714,1411.67
396.801,1435.38
396.888,1443.67
396.975,1511.92
397.062,1497.83
397.149,1585.27
397.235,1625.4
397.322,1664.6
397.409,1700.32
397.496,1716.63
397.583,1786.48
397.67,1874.0
397.757,1845.67
397.844,1918.29
397.931,1989.12
398.018,2059.46
398.105,2135.46
398.191,2197.43
398.278,2291.3
398.365,2343.77
398.452,2460.56
398.539,2467.86
398.626,2518.81
398.713,2515.95
398.8,2669.36
398.887,2713.46
398.973,2809.4
399.06,2861.52
399.147,2973.55
399.234,3112.25
399.321,3163.32
399.408,3265.85
399.495,3312.52
399.582,3328.58
399.668,3344.03
399.755,3417.86
399.842,3286.53
399.929,3249.9
400.016,2880.67
400.103,2340.91
400.19,1791.47
400.276,1234.62
400.363,942.24
400.45,904.492
400.537,856.05
400.624,928.409
400.711,934.88
400.798,948.019
400.884,946.854
400.971,946.733
401.058,965.544
401.145,967.597
401.232,1014.31
401.319,997.507
401.405,1065.21
401.492,1070.8
401.579,1105.57
401.666,1108.77
401.753,1288.01
401.84,1184.41
401.926,1155.11
402.013,1298.96
402.1,1226.22
402.187,1228.5
402.274,1319.96
402.36,1300.32
402.447,1409.05
402.534,1394.56
402.621,1415.85
402.708,1562.25
402.795,1517.28
402.881,1486.66
402.968,1552.6
403.055,1664.35
403.142,1805.15
403.229,1676.12
403.315,1648.81
403.402,1755.13
403.489,1803.26
403.576,1897.51
403.663,1911.67
403.749,1954.54
403.836,2009.77
403.923,2079.54
404.01,2080.04
404.096,2244.63
404.183,2288.7
404.27,2303.08
404.357,2347.76
404.444,2415.38
404.53,2424.53
404.617,2527.89
404.704,2637.31
404.791,2729.26
404.877,2888.88
404.964,2876.24
405.051,2867.55
405.138,3004.91
405.224,3044.19
405.311,3203.84
405.398,3268.33
405.485,3390.76
405.572,3522.85
405.658,3560.34
405.745,3570.06
405.832,3577.8
405.919,3676.06
406.005,3506.78
406.092,3246.62
406.179,2666.44
406.266,1799.79
406.352,1126.28
406.439,661.389
406.526,472.962
406.612,395.537
406.699,367.887
406.786,345.544
406.873,399.039
406.959,384.03
407.046,351.334
407.133,353.667
407.22,386.302
407.306,357.148
407.393,390.487
407.48,388.794
407.566,379.374
407.653,361.332
407.74,429.726
407.827,369.741
407.913,485.697
408.0,469.685
408.087,472.73
408.173,421.919
408.26,515.365
408.347,485.191
408.434,474.188
408.52,491.331
408.607,540.176
408.694,477.6
408.78,515.99
408.867,534.235
408.954,523.023
409.04,550.991
409.127,582.458
409.214,562.212
409.3,580.516
409.387,596.066
409.474,602.657
409.56,615.438
409.647,545.685
409.734,520.942
409.821,444.112
409.907,413.097
409.994,433.183
410.081,468.438
410.167,443.081
410.254,428.184
410.341,427.366
410.427,525.2
410.514,486.671
410.6,491.251
410.687,541.018
410.774,521.912
410.86,480.464
410.947,475.675
411.034,524.937
411.12,506.449
411.207,522.888
411.294,562.562
411.38,549.084
411.467,594.826
411.554,490.093
411.64,566.038
411.727,605.88
411.814,602.099
411.9,592.419
411.987,608.773
412.073,609.602
412.16,636.24
412.247,602.083
412.333,624.986
412.42,669.222
412.507,706.991
412.593,707.131
412.68,649.603
412.766,675.211
412.853,745.792
412.94,718.08
413.026,734.228
413.113,757.662
413.2,798.947
413.286,823.136
413.373,784.385
413.459,846.046
413.546,783.149
413.633,870.506
413.719,918.872
413.806,865.709
413.892,958.423
413.979,1007.27
414.066,928.175
414.152,958.361
414.239,957.435
414.325,930.912
414.412,775.352
414.498,676.434
414.585,576.064
414.672,545.402
414.758,513.014
414.845,506.962
414.931,537.122
415.018,468.249
415.104,487.424
415.191,526.915
415.278,523.504
415.364,506.057
415.451,533.597
415.537,505.073
415.624,590.235
415.71,541.936
415.797,554.092
415.884,609.778
415.97,556.742
416.057,608.844
416.143,576.764
416.23,627.0
416.316,636.712
416.403,607.855
416.489,676.311
416.576,706.527
416.663,754.355
416.749,611.419
416.836,803.672
416.922,699.975
417.009,811.564
417.095,726.664
417.182,721.365
417.268,817.057
417.355,788.339
417.441,773.382
417.528,810.955
417.614,773.607
417.701,826.628
417.787,886.578
417.874,918.214
417.96,963.619
418.047,954.126
418.133,1004.44
418.22,970.184
418.307,979.436
418.393,975.851
418.48,1010.93
418.566,1000.52
418.653,1088.73
418.739,1047.25
418.826,1117.59
418.912,1117.28
418.999,1199.41
419.085,1121.84
419.172,1229.77
419.258,1237.47
419.345,1270.65
419.431,1338.19
419.518,1351.92
419.604,1404.36
419.69,1448.22
419.777,1546.99
419.863,1553.24
419.95,1557.62
420.036,1657.87
420.123,1525.47
420.209,1542.73
420.296,1390.33
420.382,1211.81
420.469,1032.75
420.555,774.071
420.642,681.953
420.728,537.071
420.815,580.003
420.901,619.883
420.988,626.733
421.074,624.854
421.16,593.771
421.247,653.775
421.333,655.822
421.42,693.307
421.506,680.46
421.593,665.092
421.679,683.069
421.766,749.757
421.852,750.685
421.939,754.346
422.025,736.338
422.111,833.247
422.198,762.258
422.284,777.75
422.371,821.765
422.457,852.213
422.544,808.497
422.63,787.342
422.716,846.486
422.803,890.852
422.889,877.449
422.976,909.285
423.062,875.555
423.149,962.449
423.235,1032.4
423.321,994.894
423.408,992.934
423.494,1047.59
423.581,1113.14
423.667,1151.08
423.753,1172.91
423.84,1171.88
423.926,1268.0
424.013,1143.47
424.099,1168.22
424.185,1086.63
424.272,1086.73
424.358,1150.98
424.445,1191.29
424.531,1137.29
424.617,1211.03
424.704,1223.64
424.79,1204.45
424.877,1299.39
424.963,1328.47
425.049,1322.5
425.136,1318.65
425.222,1419.25
425.308,1417.66
425.395,1457.68
425.481,1454.35
425.568,1593.29
425.654,1475.97
425.74,1523.71
425.827,1597.41
425.913,1650.04
425.999,1682.17
426.086,1719.86
426.172,1722.78
426.258,1821.46
426.345,1804.89
426.431,1855.35
426.518,1903.89
426.604,2029.93
426.69,2075.87
426.777,2123.57
426.863,2157.03
426.949,2217.86
427.036,2167.69
427.122,1972.37
427.208,1707.04
427.295,1385.7
427.381,1028.62
427.467,881.048
427.554,825.554
427.64,893.896
427.726,936.424
427.813,988.837
427.899,992.913
427.985,1056.49
428.072,1007.97
428.158,835.545
428.244,737.047
428.331,666.101
428.417,483.684
428.503,496.643
428.59,529.603
428.676,563.816
428.762,591.279
428.849,604.978
428.935,544.954
429.021,577.628
429.107,636.386
429.194,595.868
429.28,624.488
429.366,584.53
429.453,596.401
429.539,646.055
429.625,661.733
429.712,669.233
429.798,625.444
429.884,659.997
429.97,711.378
430.057,729.206
430.143,718.782
430.229,721.537
430.316,674.361
430.402,768.335
430.488,709.087
430.574,738.905
430.661,802.946
430.747,804.455
430.833,854.782
430.919,794.545
431.006,854.363
431.092,810.233
431.178,828.063
431.264,891.098
431.351,870.927
431.437,898.584
431.523,884.954
431.61,891.152
431.696,1002.29
431.782,943.016
431.868,976.026
431.955,1002.26
432.041,1015.65
432.127,1009.56
432.213,1024.14
432.3,1121.11
432.386,1069.9
432.472,1170.89
432.558,1200.45
432.644,1171.42
432.731,1137.28
432.817,1269.11
432.903,1287.59
432.989,1280.05
433.076,1273.31
433.162,1283.07
433.248,1349.64
433.334,1321.93
433.421,1403.82
433.507,1485.16
433.593,1419.79
433.679,1464.71
433.765,1493.68
433.852,1520.38
433.938,1522.02
434.024,1603.46
434.11,1638.69
434.196,1679.85
434.283,1746.84
434.369,1753.16
434.455,1719.57
434.541,1621.94
434.627,1513.19
434.714,1380.49
434.8,1090.2
434.886,870.599
434.972,625.403
435.058,495.54
435.145,504.058
435.231,435.753
435.317,513.224
435.403,523.638
435.489,482.171
435.576,522.554
435.662,568.297
435.748,490.921
435.834,506.244
435.92,465.316
436.006,466.476
436.093,395.221
436.179,373.73
436.265,395.973
436.351,394.667
436.437,309.685
436.523,324.997
436.61,322.958
436.696,366.529
436.782,344.746
436.868,327.687
436.954,380.9
437.04,388.708
437.126,387.506
437.213,389.117
437.299,448.509
437.385,421.315
437.471,420.636
437.557,452.323
437.643,431.407
437.729,435.098
437.816,448.744
437.902,431.623
437.988,458.118
438.074,496.769
438.16,418.719
438.246,455.848
438.332,471.78
438.419,505.612
438.505,430.838
438.591,452.529
438.677,460.462
438.763,503.671
438.849,443.854
438.935,504.244
439.021,510.06
439.107,492.427
439.194,492.495
439.28,524.84
439.366,487.346
439.452,479.727
439.538,538.6
439.624,517.959
439.71,522.707
439.796,559.247
439.882,578.24
439.969,522.786
440.055,524.543
440.141,585.211
440.227,572.865
440.313,571.92
440.399,623.893
440.485,615.994
440.571,587.901
440.657,586.751
440.743,638.508
440.829,630.57
440.915,654.269
441.002,581.624
441.088,705.037
441.174,586.809
441.26,660.316
441.346,688.016
441.432,765.848
441.518,738.63
441.604,734.583
441.69,725.474
441.776,674.782
441.862,638.017
441.948,533.678
442.034,496.662
442.12,413.769
442.206,424.761
442.292,387.564
442.379,428.616
442.465,432.124
442.551,424.032
442.637,436.374
442.723,426.48
442.809,461.514
442.895,488.524
442.981,482.775
443.067,422.426
443.153,475.542
443.239,501.377
443.325,466.484
443.411,443.256
443.497,530.978
443.583,464.612
443.669,475.731
443.755,525.481
443.841,458.046
443.927,473.266
444.013,505.621
444.099,475.122
444.185,546.094
444.271,519.091
444.357,503.84
444.443,518.653
444.529,563.256
444.615,487.264
444.701,531.552
444.787,538.828
444.873,582.145
444.959,598.768
445.045,575.998
445.131,572.291
445.217,626.957
445.303,611.858
445.389,582.404
445.475,566.333
445.561,592.873
445.647,578.09
445.733,607.459
445.819,595.692
445.905,652.199
445.991,632.959
446.077,615.508
446.163,654.426
446.249,610.363
446.335,702.209
446.421,698.179
446.507,642.282
446.593,659.257
446.679,788.242
446.765,738.739
446.851,702.185
446.937,775.014
447.023,723.083
447.109,761.529
447.195,747.836
447.281,810.724
447.367,764.357
447.452,788.702
447.538,804.593
447.624,801.109
447.71,835.783
447.796,801.407
447.882,894.811
447.968,840.554
448.054,883.968
448.14,942.968
448.226,891.121
448.312,912.041
448.398,898.601
448.484,945.208
448.57,977.165
448.656,1039.19
448.742,1079.03
448.827,1084.39
448.913,982.064
448.999,1045.16
449.085,1016.46
449.171,991.994
449.257,833.473
449.343,744.593
449.429,639.58
449.515,555.654
449.601,587.351
449.687,520.472
449.773,578.576
449.858,564.412
449.944,567.672
450.03,580.117
450.116,623.954
450.202,599.17
450.288,569.156
450.374,627.114
450.46,682.123
450.546,605.177
450.632,557.382
450.717,617.08
450.803,654.334
450.889,682.765
450.975,642.64
451.061,705.271
451.147,676.332
451.233,614.954
451.319,615.585
451.404,593.573
451.49,666.344
451.576,682.285
451.662,724.307
451.748,715.692
451.834,757.343
451.92,723.868
452.006,697.92
452.091,762.212
452.177,744.751
452.263,694.779
452.349,691.562
452.435,832.469
452.521,699.312
452.607,705.68
452.692,712.406
452.778,803.48
452.864,803.935
452.95,751.149
453.036,790.818
453.122,805.652
453.207,825.292
453.293,783.264
453.379,834.652
453.465,852.81
453.551,793.428
453.637,772.205
453.722,793.881
453.808,837.11
453.894,889.632
453.98,866.823
454.066,829.771
454.152,827.724
454.237,930.689
454.323,800.572
454.409,913.383
454.495,878.897
454.581,911.104
454.666,900.625
454.752,925.017
454.838,974.305
454.924,975.979
455.01,973.229
455.096,978.058
455.181,984.867
455.267,972.69
455.353,1025.11
455.439,981.692
455.525,1013.05
455.61,1023.4
455.696,1036.73
455.782,1050.0
455.868,1053.99
455.953,1018.61
456.039,1027.68
456.125,1049.99
456.211,1009.88
456.297,1130.29
456.382,1064.62
456.468,1117.19
456.554,1134.86
456.64,1130.64
456.725,1165.1
456.811,1210.7
456.897,1190.65
456.983,1256.66
457.069,1227.24
457.154,1214.04
457.24,1247.17
457.326,1307.92
457.412,1222.01
457.497,1235.92
457.583,1216.75
457.669,1122.72
457.755,902.718
457.84,813.506
457.926,774.095
458.012,731.994
458.098,756.81
458.183,724.896
458.269,743.657
458.355,698.394
458.441,675.938
458.526,655.176
458.612,724.802
458.698,716.764
458.784,677.995
458.869,677.254
458.955,655.21
459.041,708.157
459.126,696.251
459.212,728.803
459.298,681.565
459.384,734.225
459.469,721.42
459.555,766.649
459.641,730.472
459.726,785.794
459.812,705.401
459.898,750.168
459.984,774.723
460.069,800.173
460.155,731.248
460.241,778.41
460.326,757.518
460.412,686.64
460.498,671.481
460.584,737.04
460.669,714.194
460.755,647.753
460.841,714.009
460.926,708.15
461.012,678.301
461.098,674.054
461.183,762.214
461.269,685.971
461.355,781.937
461.44,700.725
461.526,653.104
461.612,715.375
461.697,732.298
461.783,724.252
461.869,697.36
461.954,726.613
462.04,833.559
462.126,737.246
462.211,795.798
462.297,765.481
462.383,757.853
462.468,761.238
462.554,789.905
462.64,746.856
462.725,752.146
462.811,790.566
462.897,777.558
462.982,754.314
463.068,799.443
463.154,761.483
463.239,790.721
463.325,752.114
463.411,775.045
463.496,763.115
463.582,816.719
463.668,788.424
463.753,846.896
463.839,836.383
463.924,778.167
464.01,812.679
464.096,902.092
464.181,804.051
464.267,855.521
464.353,797.361
464.438,858.245
464.524,828.094
464.609,879.739
464.695,883.525
464.781,893.785
464.866,933.413
464.952,955.294
465.038,878.525
465.123,814.209
465.209,935.825
465.294,890.17
465.38,853.778
465.466,801.556
465.551,825.291
465.637,806.054
465.722,737.582
465.808,739.274
465.894,769.13
465.979,760.296
466.065,829.706
466.15,795.85
466.236,789.305
466.321,805.351
466.407,830.695
466.493,866.869
466.578,825.07
466.664,878.8
466.749,851.837
466.835,886.691
466.921,774.912
467.006,698.971
467.092,593.232
467.177,528.034
467.263,509.212
467.348,458.644
467.434,491.709
467.52,496.079
467.605,500.681
467.691,513.919
467.776,509.763
467.862,539.766
467.947,497.209
468.033,496.049
468.118,526.513
468.204,538.023
468.29,520.883
468.375,504.184
468.461,523.422
468.546,560.409
468.632,492.582
468.717,484.831
468.803,545.511
468.888,502.988
468.974,522.667
469.059,516.068
469.145,454.598
469.23,452.586
469.316,524.538
469.401,481.959
469.487,458.2
469.573,542.869
469.658,565.262
469.744,533.632
469.829,555.07
469.915,522.785
470.0,561.903
470.086,534.73
470.171,540.918
470.257,567.079
470.342,583.339
470.428,531.221
470.513,523.691
470.599,597.039
470.684,568.307
470.77,608.551
470.855,624.773
470.941,605.941
471.026,632.082
471.112,624.898
471.197,594.833
471.283,586.631
471.368,541.101
471.454,541.748
471.539,462.202
471.625,504.764
471.71,452.179
471.796,492.387
471.881,499.449
471.967,530.401
472.052,539.181
472.137,565.927
472.223,558.124
472.308,561.527
472.394,489.676
472.479,544.603
472.565,488.795
472.65,436.372
472.736,408.05
472.821,404.152
472.907,403.89
472.992,379.423
473.078,396.406
473.163,354.559
473.248,406.341
473.334,379.439
473.419,370.667
473.505,343.173
473.59,348.367
473.676,368.014
473.761,436.033
473.847,383.813
473.932,374.97
474.017,357.821
474.103,360.524
474.188,334.143
474.274,380.14
474.359,371.122
474.445,396.688
474.53,368.306
474.616,393.356
474.701,368.747
474.786,415.018
474.872,324.676
474.957,333.421
475.043,343.008
475.128,421.063
475.213,363.478
475.299,346.488
475.384,375.285
475.47,373.835
475.555,407.476
475.64,383.39
475.726,337.715
475.811,396.966
475.897,339.533
475.982,342.437
476.067,350.646
476.153,452.108
476.238,372.992
476.324,389.504
476.409,390.019
476.494,406.637
476.58,390.551
476.665,371.938
476.751,412.122
476.836,386.336
476.921,391.562
477.007,411.969
477.092,383.023
477.178,385.117
477.263,329.697
477.348,374.198
477.434,411.964
477.519,454.275
477.604,374.089
477.69,362.427
477.775,436.684
477.86,386.829
477.946,417.609
478.031,381.646
478.117,389.096
478.202,349.418
478.287,403.333
478.373,421.985
478.458,342.606
478.543,393.352
478.629,399.406
478.714,412.262
478.799,436.453
478.885,419.819
478.97,408.651
479.055,439.922
479.141,432.642
479.226,427.115
479.311,436.303
479.397,416.044
479.482,405.899
479.567,376.562
479.653,422.125
479.738,416.483
479.823,461.55
479.909,479.96
479.994,456.721
480.079,451.033
480.165,416.57
480.25,442.997
480.335,439.249
480.421,408.123
480.506,435.708
480.591,457.296
480.677,476.346
480.762,481.714
480.847,486.997
480.932,447.299
481.018,446.654
481.103,481.716
481.188,470.403
481.274,548.742
481.359,460.522
481.444,533.076
481.53,457.389
481.615,427.36
481.7,396.989
481.785,395.121
481.871,428.4
481.956,347.711
482.041,307.887
482.127,281.403
482.212,315.653
482.297,241.708
482.382,320.574
482.468,270.371
482.553,303.102
482.638,306.186
482.723,328.071
482.809,300.176
482.894,300.444
482.979,323.59
483.064,292.278
483.15,288.904
483.235,309.047
483.32,351.109
483.406,321.736
483.491,266.872
483.576,240.366
483.661,303.16
483.747,304.463
483.832,314.381
483.917,310.024
484.002,341.24
484.087,299.746
484.173,239.32
484.258,300.297
484.343,339.278
484.428,271.014
484.514,268.258
484.599,309.488
484.684,340.45
484.769,300.184
484.855,299.739
484.94,264.148
485.025,315.323
485.11,318.082
485.195,278.912
485.281,258.901
485.366,308.164
485.451,231.468
485.536,341.793
485.622,306.686
485.707,289.438
485.792,283.55
485.877,337.974
485.962,276.972
486.048,285.893
486.133,318.146
486.218,285.493
486.303,428.716
486.388,340.394
486.474,315.995
486.559,328.692
486.644,298.244
486.729,250.221
486.814,337.554
486.9,305.558
486.985,349.489
487.07,325.085
487.155,333.752
487.24,320.6
487.325,303.215
487.411,347.537
487.496,286.565
487.581,353.253
487.666,329.948
487.751,388.932
487.836,300.546
487.922,346.992
488.007,353.255
488.092,397.702
488.177,306.735
488.262,332.675
488.347,302.73
488.433,389.798
488.518,342.245
488.603,330.682
488.688,370.962
488.773,368.366
488.858,418.844
488.944,382.053
489.029,372.303
489.114,366.952
489.199,323.083
489.284,369.772
489.369,363.767
489.454,374.265
489.54,350.116
489.625,362.981
489.71,363.729
489.795,404.115
489.88,347.936
489.965,369.821
490.05,385.07
490.135,338.875
490.221,327.334
490.306,300.804
490.391,365.741
490.476,434.77
490.561,384.888
490.646,409.309
490.731,416.439
490.816,421.864
490.901,405.633
490.987,382.485
491.072,432.071
491.157,453.154
491.242,397.796
491.327,396.334
491.412,461.216
491.497,402.291
491.582,420.576
491.667,433.306
491.752,448.144
491.838,377.251
491.923,436.449
492.008,408.059
492.093,408.648
492.178,324.947
492.263,349.012
492.348,312.032
492.433,254.661
492.518,254.871
492.603,277.195
492.688,235.18
492.773,322.443
492.859,292.372
492.944,289.8
493.029,296.616
493.114,322.035
493.199,265.692
493.284,361.703
493.369,292.17
493.454,284.979
493.539,315.517
493.624,245.756
493.709,296.459
493.794,338.971
493.879,271.043
493.964,273.677
494.049,316.678
494.134,331.003
494.219,214.917
494.304,295.812
494.39,319.885
494.475,299.139
494.56,243.021
494.645,332.023
494.73,276.594
494.815,355.664
494.9,318.998
494.985,309.338
495.07,273.398
495.155,370.816
495.24,271.355
495.325,305.56
495.41,271.363
495.495,325.972
495.58,278.305
495.665,308.566
495.75,348.321
495.835,274.528
495.92,299.071
496.005,283.829
496.09,315.101
496.175,265.667
496.26,355.168
496.345,280.585
496.43,283.239
496.515,362.52
496.6,344.586
496.685,296.306
496.77,233.503
496.855,309.008
496.94,337.711
497.025,288.681
497.11,285.09
497.195,323.751
497.28,310.735
497.365,288.186
497.45,329.648
497.535,315.698
497.62,360.793
497.705,311.216
497.79,300.752
497.875,300.655
497.96,265.19
498.045,296.182
498.13,339.756
498.215,339.429
498.3,321.479
498.385,290.873
498.47,241.945
498.555,302.731
498.639,343.025
498.724,261.868
498.809,282.309
498.894,332.851
498.979,347.59
499.064,268.668
499.149,334.26
499.234,331.169
499.319,301.127
499.404,299.601
499.489,313.701
499.574,308.766
499.659,287.396
499.744,263.647
499.829,271.204
499.914,335.193
499.999,302.125
500.084,304.928
500.168,336.333
500.253,326.334
500.338,319.414
500.423,337.986
500.508,327.33
500.593,351.668
500.678,361.024
500.763,335.585
500.848,344.525
500.933,318.444
501.018,327.123
501.103,337.49
501.187,350.189
501.272,312.277
501.357,300.982
501.442,329.36
501.527,299.547
501.612,314.584
501.697,325.276
501.782,324.454
501.867,298.77
501.952,301.975
502.036,344.142
502.121,313.544
502.206,290.385
502.291,343.913
502.376,317.35
502.461,349.064
502.546,337.944
502.631,383.719
502.716,368.497
502.8,373.141
502.885,379.895
502.97,334.941
503.055,370.999
503.14,326.427
503.225,346.412
503.31,366.538
503.395,378.516
503.479,359.877
503.564,332.215
503.649,338.146
503.734,262.073
503.819,227.673
503.904,314.281
503.989,290.323
504.073,274.691
504.158,200.09
504.243,274.036
504.328,326.488
504.413,320.345
504.498,295.344
504.582,305.73
504.667,334.402
504.752,326.124
504.837,281.66
504.922,306.982
505.007,309.938
505.091,317.428
505.176,320.738
505.261,326.257
505.346,265.054
505.431,305.757
505.516,340.663
505.6,319.71
505.685,283.769
505.77,310.635
505.855,315.245
505.94,272.919
506.025,335.189
506.109,294.386
506.194,326.136
506.279,355.69
506.364,381.029
506.449,324.646
506.533,355.578
506.618,330.83
506.703,373.623
506.788,340.295
506.873,329.657
506.957,354.497
507.042,308.076
507.127,295.444
507.212,309.641
507.297,250.221
507.381,314.166
507.466,292.348
507.551,311.029
507.636,250.199
507.72,293.764
507.805,274.67
507.89,303.74
507.975,329.811
508.06,292.175
508.144,304.234
508.229,283.308
508.314,264.869
508.399,261.61
508.483,293.891
508.568,311.454
508.653,285.194
508.738,264.659
508.822,285.384
508.907,325.437
508.992,283.948
509.077,301.6
509.161,313.939
509.246,273.532
509.331,301.013
509.416,359.13
509.5,337.035
509.585,291.784
509.67,343.591
509.755,306.223
509.839,305.849
509.924,307.422
510.009,316.386
510.094,365.252
510.178,308.183
510.263,304.718
510.348,276.385
510.433,259.813
510.517,332.004
510.602,303.404
510.687,298.297
510.771,281.447
510.856,319.056
510.941,331.944
511.026,311.844
511.11,330.626
511.195,305.942
511.28,262.008
511.364,279.557
511.449,304.608
511.534,327.425
511.619,304.744
511.703,328.011
511.788,296.762
511.873,294.472
511.957,368.736
512.042,250.024
512.127,344.233
512.211,330.157
512.296,339.529
512.381,347.248
512.466,311.825
512.55,299.193
512.635,321.523
512.72,295.057
512.804,388.811
512.889,340.379
512.974,351.967
513.058,315.347
513.143,317.763
513.228,325.638
513.312,264.088
513.397,244.717
513.482,321.483
513.566,368.584
513.651,290.925
513.736,302.573
513.82,321.792
513.905,342.978
513.99,384.359
514.074,332.677
514.159,353.891
514.244,341.678
514.328,343.081
514.413,289.421
514.498,387.342
514.582,362.054
514.667,362.221
514.752,363.413
514.836,438.334
514.921,359.031
515.005,340.71
515.09,384.581
515.175,360.562
515.259,275.555
515.344,352.236
515.429,305.356
515.513,307.635
515.598,325.063
515.682,314.8
515.767,293.096
515.852,278.843
515.936,361.147
516.021,339.245
516.106,325.906
516.19,298.366
516.275,352.517
516.359,348.794
516.444,331.836
516.529,344.929
516.613,379.005
516.698,337.454
516.782,363.633
516.867,407.03
516.952,370.69
517.036,360.51
517.121,301.866
517.205,295.928
517.29,306.385
517.375,308.231
517.459,334.777
517.544,352.866
517.628,358.438
517.713,339.621
517.798,321.141
517.882,336.771
517.967,333.793
518.051,352.226
518.136,348.663
518.22,321.963
518.305,347.391
518.39,339.137
518.474,307.423
518.559,320.407
518.643,316.555
518.728,325.026
518.812,299.11
518.897,283.508
518.982,392.89
519.066,298.511
519.151,277.854
519.235,328.98
519.32,282.251
519.404,280.801
519.489,363.809
519.573,357.129
519.658,329.507
519.743,311.966
519.827,272.572
519.912,313.106
519.996,311.643
520.081,309.869
520.165,283.867
520.25,296.483
520.334,358.13
520.419,308.112
520.503,318.94
520.588,303.549
520.672,337.792
520.757,315.724
520.841,337.98
520.926,323.481
521.011,317.258
521.095,286.55
521.18,288.902
521.264,336.629
521.349,347.8
521.433,312.863
521.518,314.308
521.602,320.218
521.687,304.339
521.771,310.387
521.856,321.625
521.94,323.084
522.025,353.385
522.109,300.276
522.194,291.499
522.278,317.499
522.363,309.781
522.447,299.076
522.532,336.149
522.616,333.074
522.701,321.952
522.785,348.353
522.87,336.696
522.954,359.724
523.039,346.532
523.123,345.629
523.207,314.843
523.292,327.42
523.376,311.5
523.461,307.698
523.545,333.679
523.63,337.563
523.714,326.474
523.799,379.83
523.883,348.771
523.968,289.822
524.052,328.199
524.137,325.143
524.221,365.173
524.306,361.804
524.39,373.048
524.474,301.935
524.559,327.745
524.643,268.456
524.728,257.401
524.812,337.191
524.897,327.766
524.981,300.601
525.066,316.806
525.15,213.938
525.234,246.197
525.319,338.003
525.403,350.722
525.488,365.191
525.572,365.97
525.657,329.412
525.741,312.414
525.825,349.679
525.91,357.038
525.994,366.908
526.079,328.485
526.163,311.508
526.248,324.525
526.332,343.797
526.416,297.028
526.501,299.566
526.585,279.668
526.67,347.013
526.754,340.19
526.838,329.929
526.923,308.75
527.007,362.414
527.092,326.113
527.176,328.003
527.26,285.468
527.345,357.441
527.429,348.344
527.514,325.545
527.598,337.849
527.682,319.64
527.767,340.177
527.851,335.362
527.936,291.763
528.02,351.048
528.104,343.504
528.189,298.568
528.273,327.708
528.358,376.056
528.442,300.34
528.526,299.858
528.611,264.399
528.695,342.982
528.779,344.236
528.864,347.446
528.948,313.834
529.032,346.207
529.117,345.216
529.201,382.196
529.286,327.093
529.37,354.131
529.454,368.064
529.539,349.885
529.623,361.42
529.707,424.366
529.792,300.678
529.876,333.215
529.96,322.805
530.045,384.329
530.129,355.347
530.213,338.669
530.298,306.08
530.382,378.136
530.466,380.261
530.551,310.135
530.635,330.762
530.719,357.472
530.804,392.523
530.888,362.243
530.972,327.847
531.057,369.887
531.141,342.621
531.225,323.497
531.31,312.075
531.394,305.6
531.478,322.633
531.563,352.612
531.647,335.588
531.731,389.597
531.816,338.243
531.9,297.385
531.984,342.363
532.068,311.143
532.153,357.267
532.237,350.796
532.321,320.833
532.406,301.682
532.49,311.808
532.574,290.689
532.659,361.456
532.743,345.139
532.827,344.76
532.911,289.132
532.996,286.765
533.08,356.072
533.164,358.529
533.249,299.869
533.333,292.216
533.417,396.006
533.501,344.714
533.586,373.108
533.67,295.868
533.754,320.507
533.838,353.023
533.923,343.111
534.007,338.474
534.091,369.472
534.175,336.254
534.26,302.982
534.344,348.536
534.428,385.093
534.513,404.074
534.597,284.737
534.681,317.547
534.765,312.452
534.85,353.879
534.934,319.491
535.018,339.006
535.102,341.205
535.187,364.779
535.271,343.966
535.355,358.063
535.439,412.059
535.523,284.122
535.608,336.639
535.692,339.231
535.776,323.111
535.86,324.44
535.945,377.018
536.029,340.999
536.113,402.82
536.197,312.769
536.282,323.53
536.366,366.938
536.45,348.684
536.534,363.022
536.618,364.466
536.703,366.996
536.787,367.13
536.871,348.287
536.955,369.712
537.039,304.319
537.124,362.164
537.208,383.004
537.292,304.147
537.376,349.738
537.46,302.924
537.545,346.272
537.629,355.439
537.713,335.767
537.797,364.105
537.881,334.499
537.966,292.675
538.05,338.179
538.134,353.573
538.218,370.631
538.302,393.375
538.386,368.597
538.471,383.069
538.555,289.991
538.639,325.374
538.723,345.387
538.807,337.922
538.892,387.519
538.976,309.111
539.06,335.738
539.144,380.708
539.228,384.597
539.312,332.157
539.397,346.354
539.481,346.993
539.565,397.297
539.649,337.413
539.733,373.446
539.817,347.625
539.901,375.246
539.986,387.904
540.07,353.887
540.154,394.022
540.238,401.82
540.322,306.648
540.406,348.137
540.49,377.544
540.575,425.333
540.659,287.643
540.743,359.73
540.827,308.279
540.911,380.295
540.995,403.404
541.079,329.153
541.163,377.26
541.248,364.682
541.332,381.435
541.416,339.265
541.5,345.048
541.584,404.33
541.668,340.455
541.752,317.968
541.836,399.016
541.921,355.238
542.005,369.363
542.089,327.265
542.173,364.937
542.257,390.746
542.341,442.864
542.425,361.736
542.509,374.26
542.593,428.418
542.677,321.571
542.762,349.622
542.846,345.218
542.93,365.345
543.014,350.188
543.098,340.471
543.182,372.075
543.266,337.93
543.35,387.255
543.434,353.78
543.518,384.502
543.602,413.312
543.686,373.74
543.771,318.658
543.855,374.524
543.939,356.494
544.023,364.687
544.107,378.771
544.191,361.553
544.275,399.453
544.359,371.081
544.443,327.522
544.527,350.583
544.611,403.167
544.695,321.197
544.779,358.397
544.863,352.449
544.947,325.734
545.031,322.245
545.115,389.19
545.2,365.515
545.284,349.737
545.368,350.621
545.452,375.672
545.536,358.334
545.62,358.828
545.704,346.377
545.788,367.101
545.872,388.448
545.956,349.37
546.04,388.662
546.124,394.205
546.208,373.642
546.292,373.748
546.376,320.751
546.46,356.842
546.544,394.631
546.628,321.91
546.712,298.504
546.796,341.287
546.88,358.314
546.964,329.131
547.048,385.792
547.132,319.455
547.216,364.683
547.3,365.643
547.384,315.094
547.468,322.268
547.552,365.796
547.636,342.119
547.72,315.77
547.804,312.2
547.888,306.294
547.972,331.127
548.056,360.132
548.14,333.391
548.224,376.856
548.308,329.18
548.392,334.801
548.476,250.091
548.56,294.311
548.644,290.665
548.728,315.584
548.812,341.829
548.896,285.585
548.98,324.498
549.064,309.639
549.148,294.659
549.232,298.7
549.316,302.227
549.4,338.952
549.484,349.25
549.568,332.663
549.652,359.384
549.736,386.886
549.819,348.797
549.903,372.264
549.987,343.326
550.071,350.577
550.155,295.443
550.239,342.842
550.323,317.831
550.407,337.089
550.491,372.767
550.575,322.784
550.659,346.876
550.743,316.352
550.827,363.873
550.911,312.194
550.995,344.148
551.079,388.044
551.162,368.114
551.246,315.638
551.33,373.676
551.414,349.141
551.498,332.228
551.582,352.488
551.666,326.992
551.75,355.779
551.834,338.358
551.918,371.679
552.002,328.585
552.086,353.65
552.17,289.102
552.253,329.822
552.337,338.186
552.421,310.241
552.505,260.961
552.589,297.898
552.673,271.123
552.757,278.289
552.841,301.377
552.925,382.73
553.008,340.988
553.092,310.488
553.176,329.382
553.26,321.728
553.344,313.044
553.428,361.752
553.512,340.705
553.596,365.331
553.68,374.688
553.763,354.261
553.847,275.053
553.931,337.709
554.015,333.281
554.099,287.652
554.183,300.742
554.267,328.926
554.351,293.831
554.434,339.073
554.518,336.375
554.602,348.398
554.686,387.525
554.77,330.391
554.854,285.329
554.938,394.025
555.021,343.116
555.105,337.404
555.189,376.563
555.273,385.965
555.357,296.201
555.441,364.28
555.524,318.586
555.608,349.546
555.692,363.78
555.776,323.46
555.86,308.333
555.944,354.848
556.027,346.498
556.111,345.692
556.195,358.483
556.279,341.394
556.363,356.117
556.447,344.633
556.53,348.12
556.614,382.224
556.698,342.63
556.782,335.184
556.866,283.852
556.949,323.613
557.033,346.623
557.117,362.692
557.201,351.396
557.285,321.596
557.369,365.001
557.452,375.682
557.536,324.114
557.62,396.136
557.704,351.552
557.788,325.009
557.871,324.871
557.955,302.358
558.039,298.61
558.123,318.325
558.206,325.492
558.29,350.076
558.374,334.152
558.458,313.28
558.542,339.999
558.625,325.434
558.709,294.272
558.793,378.151
558.877,347.802
558.961,382.434
559.044,334.909
559.128,299.471
559.212,354.208
559.296,339.407
559.379,319.015
559.463,345.757
559.547,349.493
559.631,415.025
559.714,344.68
559.798,392.826
559.882,291.827
559.966,414.653
560.049,373.948
560.133,358.46
560.217,343.792
560.301,418.153
560.384,336.417
560.468,348.612
560.552,339.279
560.636,360.858
560.719,313.801
560.803,358.669
560.887,303.354
560.971,390.45
561.054,374.71
561.138,331.473
561.222,368.607
561.305,380.944
561.389,359.243
561.473,252.431
561.557,294.605
561.64,317.533
561.724,407.724
561.808,327.937
561.892,333.755
561.975,351.455
562.059,321.846
562.143,296.775
562.226,337.84
562.31,278.582
562.394,355.585
562.477,335.547
562.561,369.615
562.645,393.178
562.729,337.667
562.812,341.854
562.896,356.756
562.98,363.786
563.063,364.74
563.147,316.765
563.231,379.061
563.314,379.818
563.398,402.64
563.482,310.386
563.565,353.541
563.649,345.244
563.733,345.271
563.817,365.626
563.9,359.034
563.984,339.05
564.068,368.764
564.151,303.172
564.235,323.182
564.319,358.971
564.402,334.543
564.486,337.213
564.57,333.251
564.653,318.753
564.737,397.596
564.821,345.286
564.904,375.76
564.988,304.982
565.071,328.996
565.155,371.903
565.239,307.265
565.322,411.677
565.406,318.848
565.49,344.705
565.573,373.908
565.657,366.852
565.741,374.617
565.824,357.413
565.908,357.563
565.992,347.276
566.075,374.299
566.159,394.617
566.242,382.447
566.326,376.84
566.41,371.381
566.493,328.237
566.577,454.355
566.661,376.074
566.744,369.329
566.828,357.829
566.911,346.854
566.995,473.955
567.079,395.242
567.162,353.292
567.246,403.34
567.329,427.926
567.413,426.905
567.497,489.756
567.58,428.552
567.664,362.72
567.747,421.127
567.831,396.393
567.915,397.46
567.998,340.366
568.082,377.929
568.165,368.678
568.249,384.077
568.333,420.936
568.416,408.126
568.5,403.263
568.583,432.269
568.667,349.473
568.751,373.073
568.834,373.377
568.918,348.48
569.001,409.624
569.085,424.744
569.168,365.021
569.252,404.626
569.336,435.052
569.419,373.017
569.503,357.755
569.586,406.025
569.67,430.231
569.753,422.05
569.837,397.808
569.92,413.998
570.004,408.297
570.088,411.81
570.171,411.336
570.255,359.944
570.338,455.457
570.422,456.515
570.505,388.453
570.589,395.375
570.672,338.365
570.756,420.232
570.839,404.588
570.923,419.826
571.007,435.395
571.09,434.504
571.174,389.774
571.257,367.733
571.341,415.489
571.424,373.797
571.508,413.497
571.591,396.686
571.675,408.137
571.758,408.258
571.842,402.213
571.925,397.55
572.009,433.755
572.092,425.591
572.176,428.187
572.259,420.332
572.343,501.41
572.426,395.974
572.51,433.013
572.593,437.774
572.677,402.445
572.76,425.237
572.844,412.973
572.927,418.895
573.011,444.582
573.094,452.233
573.178,439.108
573.261,471.375
573.345,391.94
573.428,474.549
573.512,452.222
573.595,442.288
573.679,497.731
573.762,451.208
573.846,486.304
573.929,427.002
574.013,452.192
574.096,467.75
574.18,463.671
574.263,465.809
574.347,420.928
574.43,542.872
574.514,453.151
574.597,419.502
574.68,501.368
574.764,502.25
574.847,504.999
574.931,474.138
575.014,475.722
575.098,484.816
575.181,472.291
575.265,465.237
575.348,464.574
575.432,396.103
575.515,482.262
575.598,437.358
575.682,440.047
575.765,426.718
575.849,461.975
575.932,412.455
576.016,508.57
576.099,436.941
576.182,479.249
576.266,378.908
576.349,417.028
576.433,476.541
576.516,420.877
576.6,449.134
576.683,441.148
576.766,521.932
576.85,451.594
576.933,388.736
577.017,446.064
577.1,465.078
577.184,443.241
577.267,464.052
577.35,500.483
577.434,526.823
577.517,452.583
577.601,488.616
577.684,554.467
577.767,443.078
577.851,437.055
577.934,460.806
578.018,475.2
578.101,449.682
578.184,506.495
578.268,495.221
578.351,471.49
578.435,460.315
578.518,419.684
578.601,466.119
578.685,515.67
578.768,489.545
578.851,444.004
578.935,485.344
579.018,451.412
579.102,525.976
579.185,520.647
579.268,482.482
579.352,510.684
579.435,498.633
579.518,496.248
579.602,485.009
579.685,511.64
579.768,534.002
579.852,478.981
579.935,487.243
580.019,513.128
580.102,476.418
580.185,424.791
580.269,461.278
580.352,516.365
580.435,474.554
580.519,496.897
580.602,531.305
580.685,445.771
580.769,534.076
580.852,555.009
580.935,480.788
581.019,423.607
581.102,495.417
581.185,510.206
581.269,477.633
581.352,439.812
581.435,508.907
581.519,487.403
581.602,442.55
581.685,497.256
581.769,463.297
581.852,521.028
581.935,529.934
582.019,481.18
582.102,474.226
582.185,496.826
582.269,498.973
582.352,543.372
582.435,546.933
582.518,520.964
582.602,535.236
582.685,493.433
582.768,545.999
582.852,537.242
582.935,466.914
583.018,526.456
583.102,530.919
583.185,543.977
583.268,510.162
583.351,555.006
583.435,607.134
583.518,545.597
583.601,507.576
583.685,498.169
583.768,521.457
583.851,531.762
583.934,545.71
584.018,559.884
584.101,539.855
584.184,568.879
584.267,544.666
584.351,554.545
584.434,543.582
584.517,532.314
584.601,556.613
584.684,542.349
584.767,519.001
584.85,515.228
584.934,544.383
585.017,593.147
585.1,519.235
585.183,527.826
585.267,524.676
585.35,472.452
585.433,552.048
585.516,525.352
585.6,526.871
585.683,539.098
585.766,512.992
585.849,502.453
585.933,530.208
586.016,522.153
586.099,533.422
586.182,495.933
586.266,496.183
586.349,458.364
586.432,488.972
586.515,473.441
586.598,539.18
586.682,509.086
586.765,485.693
586.848,560.705
586.931,438.552
587.015,500.117
587.098,521.964
587.181,575.519
587.264,562.776
587.347,542.385
587.431,525.577
587.514,499.089
587.597,524.09
587.68,473.414
587.763,594.32
587.847,519.578
587.93,525.543
588.013,599.729
588.096,588.045
588.179,535.754
588.263,556.995
588.346,645.32
588.429,561.49
588.512,526.208
588.595,557.389
588.678,466.711
588.762,557.515
588.845,532.812
588.928,561.747
589.011,542.785
589.094,598.735
589.178,666.112
589.261,643.558
589.344,678.891
589.427,726.234
589.51,755.285
589.593,743.73
589.677,646.138
589.76,616.788
589.843,622.515
589.926,610.547
590.009,650.625
590.092,660.351
590.176,639.207
590.259,581.164
590.342,579.749
590.425,484.447
590.508,564.184
590.591,503.847
590.674,561.146
590.758,485.466
590.841,635.707
590.924,543.953
591.007,544.254
591.09,541.009
591.173,471.504
591.256,508.329
591.339,497.878
591.423,437.287
591.506,463.305
591.589,488.229
591.672,514.597
591.755,508.588
591.838,471.403
591.921,473.327
592.004,514.217
592.088,508.344
592.171,506.184
592.254,493.371
592.337,521.431
592.42,551.738
592.503,545.718
592.586,483.373
592.669,514.517
592.752,549.211
592.836,425.858
592.919,533.559
593.002,521.886
593.085,545.574
593.168,559.781
593.251,507.466
593.334,502.286
593.417,505.966
593.5,520.729
593.583,565.049
593.666,536.177
593.75,511.015
593.833,553.096
593.916,492.009
593.999,588.806
594.082,561.811
594.165,541.691
594.248,534.307
594.331,524.336
594.414,500.549
594.497,556.561
594.58,516.566
594.663,556.547
594.746,496.867
594.829,531.293
594.913,546.898
594.996,538.13
595.079,555.958
595.162,576.263
595.245,586.655
595.328,537.515
595.411,597.278
595.494,524.051
595.577,510.109
595.66,507.719
595.743,486.449
595.826,510.245
595.909,524.036
595.992,395.065
596.075,560.155
596.158,496.604
596.241,494.331
596.324,533.096
596.407,499.134
596.49,451.727
596.573,404.719
596.656,428.593
596.739,460.836
596.822,486.401
596.905,426.41
596.988,507.87
597.071,458.005
597.154,544.531
597.237,473.223
597.32,451.285
597.404,458.409
597.487,499.198
597.57,488.491
597.653,398.933
597.736,424.708
597.819,479.91
597.902,487.37
597.985,499.454
598.068,475.26
598.151,483.849
598.234,488.428
598.316,491.218
598.399,480.667
598.482,515.402
598.565,490.085
598.648,483.243
598.731,512.9
598.814,474.805
598.897,506.51
598.98,523.472
599.063,510.315
599.146,527.269
599.229,546.191
599.312,499.09
599.395,451.791
599.478,505.832
599.561,490.264
599.644,492.431
599.727,411.896
599.81,448.269
599.893,413.405
599.976,501.431
600.059,478.467
600.142,454.044
600.225,456.538
600.308,411.302
600.391,457.921
600.474,521.398
600.557,520.739
600.64,527.047
600.723,455.967
600.805,484.631
600.888,503.095
600.971,508.553
601.054,501.924
601.137,470.439
601.22,481.805
601.303,419.836
601.386,493.312
601.469,485.391
601.552,480.657
601.635,473.604
601.718,447.361
601.801,458.19
601.884,409.423
601.966,436.259
602.049,470.922
602.132,396.146
602.215,359.271
602.298,386.531
602.381,406.652
602.464,427.597
602.547,340.131
602.63,410.095
602.713,399.559
602.796,359.043
602.878,417.342
602.961,473.284
603.044,436.261
603.127,476.911
603.21,443.307
603.293,326.444
603.376,487.965
603.459,439.601
603.542,421.277
603.624,444.636
603.707,409.008
603.79,412.396
603.873,391.54
603.956,462.529
604.039,399.092
604.122,399.956
604.205,460.871
604.287,446.756
604.37,464.133
604.453,417.991
604.536,448.552
604.619,409.762
604.702,371.774
604.785,440.539
604.868,408.956
604.95,425.152
605.033,431.293
605.116,456.916
605.199,439.711
605.282,457.511
605.365,432.021
605.448,391.03
605.53,483.636
605.613,413.5
605.696,433.992
605.779,411.273
605.862,408.793
605.945,468.982
606.027,450.161
606.11,454.764
606.193,406.748
606.276,440.148
606.359,452.552
606.442,454.373
606.524,415.053
606.607,433.213
606.69,416.52
606.773,438.375
606.856,391.913
606.939,411.115
607.021,437.014
607.104,368.873
607.187,411.482
607.27,389.048
607.353,366.363
607.435,431.252
607.518,392.608
607.601,385.052
607.684,366.532
607.767,319.094
607.849,284.89
607.932,337.952
608.015,411.668
608.098,332.471
608.181,377.573
608.263,338.982
608.346,328.101
608.429,343.422
608.512,400.592
608.595,348.632
608.677,338.298
608.76,407.345
608.843,333.951
608.926,346.756
609.008,353.779
609.091,371.386
609.174,364.978
609.257,330.787
609.34,367.443
609.422,400.271
609.505,362.395
609.588,410.577
609.671,370.78
609.753,394.535
609.836,360.605
609.919,378.162
610.002,394.163
610.084,375.449
610.167,361.799
610.25,376.688
610.333,355.262
610.415,326.272
610.498,367.848
610.581,370.572
610.664,394.608
610.746,371.941
610.829,380.625
610.912,363.823
610.995,360.541
611.077,361.138
611.16,351.851
611.243,403.351
611.326,350.758
611.408,391.529
611.491,471.783
611.574,405.561
611.656,365.717
611.739,370.397
611.822,287.459
611.905,394.052
611.987,381.116
612.07,351.749
612.153,356.925
612.235,421.258
612.318,449.541
612.401,346.237
612.484,366.296
612.566,377.772
612.649,329.867
612.732,364.357
612.814,348.02
612.897,307.484
612.98,381.72
613.062,351.019
613.145,366.251
613.228,352.294
613.311,337.345
613.393,312.939
613.476,264.264
613.559,361.822
613.641,327.941
613.724,342.432
613.807,306.031
613.889,329.725
613.972,347.986
614.055,313.64
614.137,308.519
614.22,334.417
614.303,370.283
614.385,269.129
614.468,304.567
614.551,339.343
614.633,324.423
614.716,307.139
614.799,353.579
614.881,354.26
614.964,332.722
615.047,327.355
615.129,338.452
615.212,360.5
615.295,353.426
615.377,290.684
615.46,334.859
615.543,370.349
615.625,341.428
615.708,375.712
615.791,355.496
615.873,310.553
615.956,332.074
616.038,325.72
616.121,334.261
616.204,320.132
616.286,375.94
616.369,344.738
616.452,330.726
616.534,324.762
616.617,334.918
616.699,303.301
616.782,328.055
616.865,362.869
616.947,334.879
617.03,323.756
617.113,302.639
617.195,318.214
617.278,194.502
617.36,362.936
617.443,345.265
617.526,284.638
617.608,317.783
617.691,316.67
617.773,310.801
617.856,367.756
617.939,371.094
618.021,360.655
618.104,321.471
618.186,354.649
618.269,330.373
618.352,373.092
618.434,311.326
618.517,330.34
618.599,278.205
618.682,336.54
618.765,312.667
618.847,244.01
618.93,342.424
619.012,258.97
619.095,287.606
619.177,285.531
619.26,280.512
619.343,317.204
619.425,333.819
619.508,329.694
619.59,330.639
619.673,263.837
619.755,336.302
619.838,270.409
619.92,356.087
620.003,347.47
620.086,350.613
620.168,336.094
620.251,344.296
620.333,344.112
620.416,288.75
620.498,290.84
620.581,331.281
620.663,255.434
620.746,301.987
620.829,324.462
620.911,307.056
620.994,338.063
621.076,366.377
621.159,317.351
621.241,341.459
621.324,338.064
621.406,338.665
621.489,330.584
621.571,330.015
621.654,314.09
621.736,339.827
621.819,354.231
621.901,299.716
621.984,287.752
622.066,315.135
622.149,321.737
622.231,342.434
622.314,368.322
622.396,319.228
622.479,316.452
622.561,308.197
622.644,383.905
622.726,338.261
622.809,325.349
622.891,380.733
622.974,362.513
623.056,383.162
623.139,329.517
623.221,351.814
623.304,304.301
623.386,284.439
623.469,362.301
623.551,346.663
623.634,353.905
623.716,374.871
623.799,315.579
623.881,368.32
623.964,317.484
624.046,331.913
624.129,293.418
624.211,388.698
624.294,367.597
624.376,353.129
624.459,379.042
624.541,362.99
624.624,325.492
624.706,306.058
624.788,343.915
624.871,338.402
624.953,294.709
625.036,324.449
625.118,358.043
625.201,335.686
625.283,339.562
625.366,352.783
625.448,299.497
625.531,292.078
625.613,350.463
625.695,332.66
625.778,346.723
625.86,399.007
625.943,346.933
626.025,349.343
626.108,357.565
626.19,354.289
626.272,368.092
626.355,348.801
626.437,380.103
626.52,314.883
626.602,335.515
626.685,348.69
626.767,313.847
626.849,364.746
626.932,395.051
627.014,301.039
627.097,373.219
627.179,424.349
627.262,325.847
627.344,347.368
627.426,319.495
627.509,363.1
627.591,336.011
627.674,338.571
627.756,341.956
627.838,339.669
627.921,348.713
628.003,345.984
628.086,373.973
628.168,396.814
628.25,364.342
628.333,328.477
628.415,376.456
628.497,330.024
628.58,340.447
628.662,344.196
628.745,363.249
628.827,407.574
628.909,366.36
628.992,414.075
629.074,395.019
629.157,439.773
629.239,393.142
629.321,425.275
629.404,400.7
629.486,398.425
629.568,319.132
629.651,384.091
629.733,381.068
629.815,370.543
629.898,439.5
629.98,421.016
630.063,367.349
630.145,375.105
630.227,385.117
630.31,429.375
630.392,385.279
630.474,420.541
630.557,381.961
630.639,384.499
630.721,386.462
630.804,392.241
630.886,388.173
630.968,414.471
631.051,467.641
631.133,371.03
631.215,402.324
631.298,396.333
631.38,385.742
631.462,424.853
631.545,350.027
631.627,389.293
631.709,404.766
631.792,407.436
631.874,393.658
631.956,406.581
632.039,359.206
632.121,412.306
632.203,383.575
632.285,379.243
632.368,346.848
632.45,381.284
632.532,415.79
632.615,344.165
632.697,405.725
632.779,394.697
632.862,376.573
632.944,381.376
633.026,360.125
633.108,383.568
633.191,349.503
633.273,356.751
633.355,366.942
633.438,408.575
633.52,367.258
633.602,382.997
633.684,364.941
633.767,381.204
633.849,362.942
633.931,355.081
634.014,378.508
634.096,438.213
634.178,393.755
634.26,423.2
634.343,386.535
634.425,412.505
634.507,376.434
634.589,408.302
634.672,386.344
634.754,413.761
634.836,394.575
634.918,434.138
635.001,408.766
635.083,387.501
635.165,413.611
635.248,385.218
635.33,404.088
635.412,427.019
635.494,405.999
635.576,405.911
635.659,455.6
635.741,377.526
635.823,467.273
635.905,418.917
635.988,457.964
636.07,435.795
636.152,453.854
636.234,434.36
636.317,372.851
636.399,455.536
636.481,458.694
636.563,522.132
636.645,471.646
636.728,466.454
636.81,446.148
636.892,424.105
636.974,408.229
637.057,498.487
637.139,411.526
637.221,462.138
637.303,481.379
637.385,422.651
637.468,471.644
637.55,434.441
637.632,411.933
637.714,367.328
637.796,429.43
637.879,505.686
637.961,444.87
638.043,435.071
638.125,395.229
638.207,480.776
638.29,430.324
638.372,428.931
638.454,443.88
638.536,496.122
638.618,449.522
638.701,465.134
638.783,433.484
638.865,495.406
638.947,477.732
639.029,493.761
639.111,496.962
639.194,464.905
639.276,469.67
639.358,475.249
639.44,395.686
639.522,440.121
639.604,454.081
639.687,493.576
639.769,410.553
639.851,411.119
639.933,453.723
640.015,433.889
640.097,433.874
640.179,453.785
640.262,460.215
640.344,457.735
640.426,414.996
640.508,378.098
640.59,431.662
640.672,436.79
640.754,382.766
640.837,461.29
640.919,387.768
641.001,417.012
641.083,385.007
641.165,412.849
641.247,406.64
641.329,460.569
641.412,414.155
641.494,410.785
641.576,421.339
641.658,442.315
641.74,425.164
641.822,435.723
641.904,427.005
641.986,435.489
642.068,445.427
642.151,414.132
642.233,430.289
642.315,415.657
642.397,439.978
642.479,405.426
642.561,469.017
642.643,488.283
642.725,445.763
642.807,430.729
642.89,492.265
642.972,442.468
643.054,445.192
643.136,460.839
643.218,469.427
643.3,568.18
643.382,489.458
643.464,497.489
643.546,464.448
643.628,495.892
643.71,489.407
643.792,489.983
643.875,540.69
643.957,494.148
644.039,569.046
644.121,507.105
644.203,537.035
644.285,494.453
644.367,509.975
644.449,514.084
644.531,528.351
644.613,520.756
644.695,523.017
644.777,526.815
644.859,432.944
644.941,526.623
645.023,529.098
645.105,529.669
645.188,499.354
645.27,496.305
645.352,490.218
645.434,453.678
645.516,509.731
645.598,493.275
645.68,527.531
645.762,469.358
645.844,511.558
645.926,520.223
646.008,509.757
646.09,529.467
646.172,523.792
646.254,471.551
646.336,562.161
646.418,504.001
646.5,511.65
646.582,541.632
646.664,478.238
646.746,510.279
646.828,500.385
646.91,516.839
646.992,476.637
647.074,434.089
647.156,450.195
647.238,463.427
647.32,407.831
647.402,488.583
647.484,500.276
647.566,522.067
647.648,456.51
647.73,457.936
647.812,517.816
647.894,392.936
647.976,419.631
648.058,411.089
648.14,461.248
648.222,400.908
648.304,443.191
648.386,481.782
648.468,446.37
648.55,402.526
648.632,442.609
648.714,480.914
648.796,456.818
648.878,448.351
648.96,427.511
649.042,415.5
649.124,450.111
649.206,433.589
649.288,452.895
649.37,477.495
649.452,497.962
649.534,488.236
649.616,448.361
649.698,497.752
649.78,459.985
649.862,463.868
649.944,480.575
650.026,492.491
650.107,584.495
650.189,490.697
650.271,494.821
650.353,490.282
650.435,484.338
650.517,495.316
650.599,463.756
650.681,477.801
650.763,397.283
650.845,494.348
650.927,524.013
651.009,502.619
651.091,510.853
651.173,554.917
651.255,532.17
651.337,568.838
651.418,524.714
651.5,517.307
651.582,540.811
651.664,515.926
651.746,522.882
651.828,567.118
651.91,546.202
651.992,551.591
652.074,558.158
652.156,579.574
652.238,625.67
652.319,529.052
652.401,548.308
652.483,565.676
652.565,535.421
652.647,578.907
652.729,520.768
652.811,544.801
652.893,577.063
652.975,553.186
653.057,518.939
653.138,536.87
653.22,491.665
653.302,540.203
653.384,566.152
653.466,546.605
653.548,483.368
653.63,554.766
653.712,542.293
653.793,592.706
653.875,525.294
653.957,534.82
654.039,556.488
654.121,584.128
654.203,585.918
654.285,539.153
654.367,563.298
654.448,536.5
654.53,518.976
654.612,535.643
654.694,477.254
654.776,494.303
654.858,510.94
654.94,486.915
655.021,516.434
655.103,459.932
655.185,487.32
655.267,483.77
655.349,503.51
655.431,476.038
655.512,463.258
655.594,454.173
655.676,431.781
655.758,461.759
655.84,473.076
655.922,449.443
656.004,435.465
656.085,468.548
656.167,431.725
656.249,432.791
656.331,492.601
656.413,482.149
656.494,535.358
656.576,484.244
656.658,474.085
656.74,498.333
656.822,476.455
656.904,486.066
656.985,455.473
657.067,451.304
657.149,436.277
657.231,459.311
657.313,504.558
657.394,540.359
657.476,432.972
657.558,420.816
657.64,468.999
657.722,426.903
657.803,511.353
657.885,514.197
657.967,462.51
658.049,408.101
658.131,473.529
658.212,521.779
658.294,517.845
658.376,478.985
658.458,514.351
658.539,543.237
658.621,507.583
658.703,515.538
658.785,509.578
658.867,526.599
658.948,494.816
659.03,487.618
659.112,477.774
659.194,538.615
659.275,735.473
659.357,551.118
659.439,531.574
659.521,574.172
659.602,604.303
659.684,573.715
659.766,508.843
659.848,534.872
659.929,578.424
660.011,489.848
660.093,578.873
660.175,553.629
660.256,634.259
660.338,495.839
660.42,552.439
660.502,509.711
660.583,516.141
660.665,416.574
660.747,432.302
660.829,486.866
660.91,584.665
660.992,479.766
661.074,534.715
661.156,486.892
661.237,477.472
661.319,559.275
661.401,516.735
661.482,503.33
661.564,563.89
661.646,535.922
661.728,511.652
661.809,551.74
661.891,549.754
661.973,512.851
662.054,546.959
662.136,503.651
662.218,537.596
662.299,534.957
662.381,555.406
662.463,528.303
662.545,560.953
662.626,496.683
662.708,462.054
662.79,462.95
662.871,444.851
662.953,422.267
663.035,395.716
663.116,429.641
663.198,436.144
663.28,470.312
663.361,435.97
663.443,431.167
663.525,472.78
663.607,427.628
663.688,489.028
663.77,424.379
663.852,405.985
663.933,377.788
664.015,400.346
664.097,398.395
664.178,430.642
664.26,381.405
664.342,401.983
664.423,380.585
664.505,427.327
664.587,422.758
664.668,384.901
664.75,418.157
664.831,420.548
664.913,439.41
664.995,456.041
665.076,401.228
665.158,398.59
665.24,442.218
665.321,359.438
665.403,411.092
665.485,400.466
665.566,409.404
665.648,401.442
665.73,418.689
665.811,406.476
665.893,448.169
665.974,417.315
666.056,446.27
666.138,430.522
666.219,433.842
666.301,476.059
666.383,424.113
666.464,479.606
666.546,436.869
666.627,455.699
666.709,409.249
666.791,463.874
666.872,463.072
666.954,438.958
667.035,464.999
667.117,469.565
667.199,455.846
667.28,445.338
667.362,391.427
667.443,432.041
667.525,567.746
667.607,495.049
667.688,491.4
667.77,478.862
667.851,430.674
667.933,459.823
668.015,480.238
668.096,503.778
668.178,533.266
668.259,510.317
668.341,507.671
668.423,488.272
668.504,471.902
668.586,460.42
668.667,486.012
668.749,427.949
668.83,409.529
668.912,495.824
668.994,502.957
669.075,459.29
669.157,463.094
669.238,398.279
669.32,472.825
669.401,430.303
669.483,455.332
669.564,466.859
669.646,497.864
669.728,390.596
669.809,467.363
669.891,487.803
669.972,419.077
670.054,476.615
670.135,456.377
670.217,491.715
670.298,408.349
670.38,433.118
670.461,483.376
670.543,455.671
670.625,416.869
670.706,406.319
670.788,398.159
670.869,383.62
670.951,342.721
671.032,398.97
671.114,381.047
671.195,391.688
671.277,437.313
671.358,341.888
671.44,359.21
671.521,370.085
671.603,403.875
671.684,388.509
671.766,351.382
671.847,349.79
671.929,325.543
672.01,302.659
672.092,319.246
672.173,304.362
672.255,282.942
672.336,271.485
672.418,319.913
672.499,295.659
672.581,325.314
672.662,362.481
672.744,275.534
672.825,347.152
672.907,312.989
672.988,317.801
673.07,390.797
673.151,355.581
673.233,355.649
673.314,331.614
673.396,325.316
673.477,265.356
673.559,333.348
673.64,339.324
673.722,310.365
673.803,361.038
673.885,334.046
673.966,323.47
674.047,312.002
674.129,297.567
674.21,299.955
674.292,304.308
674.373,256.7
674.455,292.513
674.536,267.325
674.618,374.058
674.699,338.208
674.781,365.598
674.862,331.896
674.943,345.977
675.025,334.916
675.106,306.956
675.188,349.372
675.269,325.073
675.351,290.607
675.432,351.678
675.514,365.329
675.595,393.253
675.676,357.69
675.758,364.843
675.839,371.211
675.921,358.637
676.002,359.129
676.084,355.981
676.165,409.029
676.246,323.365
676.328,398.642
676.409,370.202
676.491,337.278
676.572,345.075
676.653,339.651
676.735,393.027
676.816,347.064
676.898,371.122
676.979,376.413
677.06,359.252
677.142,302.757
677.223,295.74
677.305,396.746
677.386,334.403
677.467,322.396
677.549,350.545
677.63,344.372
677.712,341.962
677.793,292.771
677.874,299.562
677.956,339.262
678.037,297.518
678.119,345.543
678.2,326.653
678.281,359.417
678.363,369.228
678.444,360.262
678.525,342.536
678.607,306.709
678.688,317.109
678.77,301.468
678.851,309.39
678.932,289.369
679.014,307.801
679.095,353.035
679.176,285.725
679.258,319.916
679.339,290.01
679.42,280.531
679.502,237.649
679.583,249.472
679.664,238.056
679.746,252.526
679.827,266.997
679.909,330.386
679.99,298.455
680.071,260.098
680.153,233.097
680.234,253.424
680.315,235.06
680.397,217.414
680.478,205.147
680.559,240.143
680.641,178.462
680.722,260.153
680.803,236.273
680.885,232.024
680.966,186.611
681.047,272.21
681.128,245.42
681.21,263.214
681.291,222.643
681.372,188.292
681.454,193.419
681.535,229.165
681.616,217.958
681.698,238.858
681.779,227.534
681.86,250.483
681.942,304.2
682.023,254.952
682.104,217.965
682.186,200.799
682.267,280.821
682.348,229.171
682.429,176.814
682.511,223.37
682.592,256.2
682.673,160.505
682.755,234.838
682.836,185.31
682.917,208.609
682.998,208.941
683.08,267.973
683.161,216.494
683.242,173.338
683.324,231.579
683.405,231.114
683.486,240.797
683.567,174.444
683.649,224.05
683.73,250.805
683.811,253.708
683.892,183.137
683.974,284.02
684.055,183.688
684.136,276.955
684.217,211.372
684.299,223.394
684.38,191.265
684.461,233.658
684.542,239.588
684.624,174.407
684.705,261.171
684.786,271.192
684.867,168.633
684.949,210.4
685.03,235.931
685.111,211.743
685.192,223.755
685.274,226.521
685.355,246.313
685.436,227.376
685.517,230.516
685.599,520.006
685.68,243.741
685.761,259.7
685.842,215.88
685.923,240.656
686.005,222.56
686.086,237.897
686.167,193.844
686.248,203.017
686.33,175.582
686.411,289.481
686.492,230.541
686.573,191.601
686.654,174.329
686.736,175.025
686.817,221.18
686.898,195.37
686.979,188.124
687.06,237.104
687.142,209.516
687.223,207.647
687.304,203.464
687.385,163.874
687.466,135.929
687.548,157.576
687.629,214.655
687.71,187.718
687.791,197.982
687.872,251.727
687.953,202.691
688.035,212.134
688.116,144.123
688.197,202.485
688.278,179.831
688.359,203.298
688.441,168.825
688.522,225.88
688.603,199.334
688.684,197.063
688.765,177.909
688.846,161.96
688.928,206.079
689.009,184.351
689.09,148.647
689.171,157.205
689.252,147.899
689.333,164.177
689.414,147.997
689.496,152.615
689.577,178.062
689.658,143.892
689.739,134.603
689.82,178.963
689.901,110.812
689.982,170.158
690.064,133.633
690.145,155.321
690.226,127.355
690.307,147.636
690.388,128.729
690.469,119.134
690.55,173.104
690.632,128.007
690.713,160.175
690.794,125.192
690.875,150.419
690.956,157.829
691.037,173.233
691.118,167.852
691.199,194.871
691.28,146.729
691.362,107.681
691.443,105.579
691.524,146.751
691.605,146.181
691.686,114.578
691.767,185.505
691.848,158.408
691.929,186.38
692.01,94.1096
692.091,164.587
692.173,91.2111
692.254,184.709
692.335,140.64
692.416,161.137
692.497,150.17
692.578,199.476
692.659,130.822
692.74,172.4
692.821,152.135
692.902,130.268
692.983,159.857
693.065,56.581
693.146,161.737
693.227,133.623
693.308,133.616
693.389,148.881
693.47,160.125
693.551,145.522
693.632,126.603
693.713,143.773
693.794,93.716
693.875,154.759
693.956,117.49
694.037,141.819
694.118,174.951
694.199,132.847
694.28,128.967
694.362,145.917
694.443,202.454
694.524,127.896
694.605,173.681
694.686,134.181
694.767,138.537
694.848,128.348
694.929,143.403
695.01,173.703
695.091,195.815
695.172,130.445
695.253,173.838
695.334,183.931
695.415,107.521
695.496,123.998
695.577,117.085
695.658,111.638
695.739,171.389
695.82,147.607
695.901,143.954
695.982,106.506
696.063,172.305
696.144,119.264
696.225,179.58
696.306,123.565
696.387,99.6
696.468,171.769
696.549,108.065
696.63,78.2287
696.711,111.787
696.792,108.387
696.873,41.9942
696.954,108.358
697.035,94.2763
697.116,118.188
697.197,109.845
697.278,173.879
697.359,161.936
697.44,139.146
697.521,159.128
697.602,114.6
697.683,189.856
697.764,126.862
697.845,136.602
697.926,160.163
698.007,95.2361
698.088,137.863
698.169,131.794
698.25,131.552
698.331,134.712
698.412,101.418
698.493,170.788
698.574,142.942
698.655,117.336
698.736,121.897
698.817,142.416
698.898,113.107
698.979,98.046
699.06,173.197
699.141,99.8323
699.221,172.702
699.302,151.194
699.383,146.631
699.464,71.7588
699.545,164.203
699.626,119.376
699.707,100.408
699.788,87.2269
699.869,102.885
699.95,132.234
700.031,156.071
700.112,158.206
700.193,121.207
700.274,182.757
700.355,101.613
700.436,171.475
700.516,145.998
700.597,132.04
700.678,147.07
700.759,142.543
700.84,141.59
700.921,154.732
701.002,149.758
701.083,195.684
701.164,91.445
701.245,71.9248
701.326,213.06
701.407,125.027
701.487,155.822
701.568,126.654
701.649,155.269
701.73,108.172
701.811,183.101
701.892,152.168
701.973,139.083
702.054,129.367
702.135,161.836
702.215,63.2236
702.296,145.904
702.377,124.993
702.458,104.267
702.539,123.125
702.62,84.8974
702.701,0.0
702.782,1.64697
702.863,0.0
702.943,19.0656
703.024,0.0
703.105,0.0
703.186,0.0
703.267,0.0
703.348,144.391
703.429,142.899
703.509,0.0
703.59,0.0
703.671,0.0
703.752,0.0
703.833,0.0
703.914,0.0
703.995,0.0
704.075,0.0
704.156,0.0
704.237,0.0
704.318,0.0
704.399,0.0
704.48,0.0
704.561,0.0
704.641,0.0
704.722,0.0
704.803,0.0
704.884,0.0
704.965,0.0
705.046,0.0
705.126,0.0
705.207,0.0
705.288,0.0
705.369,0.0
705.45,0.0
705.531,0.0
705.611,0.0
705.692,0.0
705.773,0.0
705.854,0.0
705.935,0.0
706.015,0.0
706.096,0.0
706.177,0.0
706.258,0.0
706.339,0.0
706.419,0.0
706.5,0.0
706.581,0.0
706.662,0.0
706.743,0.0
706.823,0.0
706.904,0.0
706.985,0.0
707.066,0.0
707.147,0.0
707.227,0.0
707.308,0.0
707.389,0.0
707.47,0.0
707.551,0.0
707.631,0.0
707.712,0.0
707.793,0.0
707.874,0.0
707.954,0.0
708.035,0.0
708.116,0.0
708.197,0.0
708.277,0.0
708.358,0.0
708.439,0.0
708.52,0.0
708.601,0.0
708.681,0.0
708.762,0.0
708.843,0.0
708.924,0.0
709.004,0.0
709.085,0.0
709.166,0.0
709.247,0.0
709.327,0.0
709.408,0.0
709.489,0.0
709.569,0.0
709.65,0.0
709.731,0.0
709.812,0.0
709.892,0.0
709.973,0.0
710.054,0.0
710.135,0.0
710.215,0.0
710.296,0.0
710.377,0.0
710.457,0.0
710.538,0.0
710.619,0.0
710.7,0.0
710.78,0.0
710.861,0.0
710.942,0.0
711.022,0.0
711.103,0.0
711.184,0.0
711.265,0.0
711.345,0.0
711.426,0.0
711.507,0.0
711.587,0.0
711.668,0.0
711.749,0.0
711.829,0.0
711.91,0.0
711.991,0.0
712.072,0.0
712.152,0.0
712.233,0.0
712.314,0.0
712.394,0.0
712.475,0.0
712.556,0.0
712.636,0.0
712.717,0.0
712.798,0.0
712.878,0.0
712.959,0.0
