Î»,Curve-1_E
394.019,26.0827
394.106,0.141406
394.192,12.1563
394.279,0.0
394.366,0.0
394.453,0.0
394.54,5.32967
394.627,0.0
394.714,0.0
394.801,0.0
394.888,10.2473
394.975,18.7712
395.062,10.1481
395.149,13.7468
395.236,0.0
395.323,13.7955
395.41,14.4948
395.497,0.0
395.584,22.6629
395.671,9.2139
395.758,0.0
395.845,7.63996
395.932,0.0
396.019,206.673
396.105,359.274
396.192,351.819
396.279,367.762
396.366,329.972
396.453,342.393
396.54,344.403
396.627,317.705
396.714,357.645
396.801,349.319
396.888,363.364
396.975,312.951
397.062,303.059
397.149,316.177
397.235,299.533
397.322,288.126
397.409,322.22
397.496,298.343
397.583,306.063
397.67,292.778
397.757,289.01
397.844,295.09
397.931,293.282
398.018,307.437
398.105,314.585
398.191,308.67
398.278,282.932
398.365,265.105
398.452,272.091
398.539,280.516
398.626,266.63
398.713,254.936
398.8,281.01
398.887,273.674
398.973,261.839
399.06,253.409
399.147,269.601
399.234,249.082
399.321,269.443
399.408,251.141
399.495,240.897
399.582,230.138
399.668,243.15
399.755,215.19
399.842,236.672
399.929,225.059
400.016,233.927
400.103,251.59
400.19,225.806
400.276,238.989
400.363,226.264
400.45,238.13
400.537,203.34
400.624,231.364
400.711,218.786
400.798,214.482
400.884,183.848
400.971,223.585
401.058,202.25
401.145,179.769
401.232,210.136
401.319,194.882
401.405,197.471
401.492,188.014
401.579,166.247
401.666,199.813
401.753,210.558
401.84,196.064
401.926,179.931
402.013,168.407
402.1,203.602
402.187,186.478
402.274,185.078
402.36,176.786
402.447,181.651
402.534,173.447
402.621,191.29
402.708,175.465
402.795,169.487
402.881,168.36
402.968,167.134
403.055,166.338
403.142,158.205
403.229,169.596
403.315,167.327
403.402,162.652
403.489,178.21
403.576,147.57
403.663,154.118
403.749,153.627
403.836,152.558
403.923,161.046
404.01,147.035
404.096,156.699
404.183,161.191
404.27,137.594
404.357,147.926
404.444,148.334
404.53,141.053
404.617,165.398
404.704,158.98
404.791,133.282
404.877,149.685
404.964,153.863
405.051,129.963
405.138,144.371
405.224,109.246
405.311,159.576
405.398,130.351
405.485,134.611
405.572,140.195
405.658,134.283
405.745,135.795
405.832,149.509
405.919,139.07
406.005,128.193
406.092,105.228
406.179,131.382
406.266,119.92
406.352,146.85
406.439,136.417
406.526,145.875
406.612,140.287
406.699,117.159
406.786,148.041
406.873,139.534
406.959,128.907
407.046,128.829
407.133,124.882
407.22,141.039
407.306,137.998
407.393,114.972
407.48,124.46
407.566,101.131
407.653,110.827
407.74,113.235
407.827,123.023
407.913,114.258
408.0,98.7858
408.087,118.895
408.173,123.57
408.26,123.689
408.347,122.387
408.434,104.54
408.52,130.128
408.607,142.466
408.694,132.35
408.78,110.16
408.867,112.506
408.954,113.73
409.04,95.0887
409.127,96.1738
409.214,95.3091
409.3,116.837
409.387,113.028
409.474,107.465
409.56,82.818
409.647,124.99
409.734,81.5938
409.821,122.299
409.907,103.139
409.994,91.8825
410.081,79.3613
410.167,85.6829
410.254,116.597
410.341,75.5016
410.427,121.205
410.514,99.0159
410.6,97.4587
410.687,83.8862
410.774,92.966
410.86,80.6399
410.947,103.918
411.034,81.4553
411.12,74.9156
411.207,95.0562
411.294,70.6854
411.38,87.6513
411.467,100.015
411.554,67.0754
411.64,91.4263
411.727,113.318
411.814,85.628
411.9,91.5207
411.987,88.5028
412.073,107.527
412.16,78.305
412.247,69.4409
412.333,63.7152
412.42,86.7794
412.507,88.2003
412.593,84.4221
412.68,87.8551
412.766,81.2615
412.853,55.5538
412.94,100.68
413.026,77.2797
413.113,91.7897
413.2,96.4887
413.286,65.021
413.373,83.3334
413.459,117.044
413.546,85.1349
413.633,99.4871
413.719,71.6935
413.806,80.7728
413.892,74.9922
413.979,93.7659
414.066,88.8004
414.152,75.2771
414.239,100.238
414.325,71.6823
414.412,69.7866
414.498,60.8319
414.585,75.8757
414.672,73.7317
414.758,97.5375
414.845,80.0972
414.931,76.9447
415.018,78.976
415.104,70.8031
415.191,88.0915
415.278,63.821
415.364,55.1076
415.451,63.5596
415.537,79.1608
415.624,72.7408
415.71,80.9669
415.797,108.163
415.884,66.6311
415.97,70.8793
416.057,91.7434
416.143,77.3685
416.23,60.3407
416.316,82.4819
416.403,61.3819
416.489,83.8889
416.576,85.5637
416.663,94.4968
416.749,71.8609
416.836,83.3197
416.922,69.8123
417.009,71.6906
417.095,73.5882
417.182,78.4258
417.268,74.7547
417.355,95.4343
417.441,84.9607
417.528,69.3744
417.614,77.914
417.701,82.7009
417.787,65.7128
417.874,79.9391
417.96,85.3078
418.047,74.0043
418.133,90.8613
418.22,84.4272
418.307,105.095
418.393,66.5679
418.48,82.9418
418.566,69.5829
418.653,81.1188
418.739,66.3286
418.826,86.9143
418.912,87.4753
418.999,58.6826
419.085,70.7736
419.172,82.5517
419.258,77.1909
419.345,73.7431
419.431,85.2062
419.518,90.4464
419.604,68.6512
419.69,82.7062
419.777,80.0035
419.863,67.0533
419.95,62.3316
420.036,74.6796
420.123,83.871
420.209,74.1915
420.296,81.0752
420.382,76.8284
420.469,56.3309
420.555,90.591
420.642,87.6247
420.728,64.7511
420.815,76.7046
420.901,81.3936
420.988,79.6328
421.074,64.4837
421.16,96.7545
421.247,75.7584
421.333,78.6598
421.42,70.7035
421.506,87.3772
421.593,50.5811
421.679,71.0325
421.766,70.5003
421.852,85.5745
421.939,94.4549
422.025,78.5298
422.111,97.2402
422.198,80.749
422.284,75.2076
422.371,59.2691
422.457,67.8561
422.544,92.0701
422.63,72.6513
422.716,83.5434
422.803,89.589
422.889,81.4974
422.976,82.983
423.062,64.914
423.149,86.8939
423.235,89.2057
423.321,58.3221
423.408,73.8614
423.494,80.1397
423.581,86.7127
423.667,69.5039
423.753,80.1121
423.84,70.3768
423.926,97.8021
424.013,69.0645
424.099,94.4467
424.185,71.3686
424.272,83.1468
424.358,84.8147
424.445,57.5482
424.531,78.9069
424.617,76.0427
424.704,51.6947
424.79,78.0082
424.877,87.7129
424.963,75.436
425.049,54.6666
425.136,76.7832
425.222,73.9832
425.308,84.9041
425.395,84.1431
425.481,96.9741
425.568,72.6573
425.654,71.0431
425.74,69.1216
425.827,81.9586
425.913,90.6908
425.999,86.2335
426.086,87.6717
426.172,81.4205
426.258,76.2948
426.345,74.8485
426.431,62.8131
426.518,89.4405
426.604,90.0984
426.69,97.3684
426.777,87.2913
426.863,71.0637
426.949,79.6896
427.036,77.6021
427.122,84.6279
427.208,90.2087
427.295,96.0053
427.381,97.3972
427.467,70.7183
427.554,87.7251
427.64,79.6174
427.726,69.7739
427.813,90.1464
427.899,70.02
427.985,96.0253
428.072,103.923
428.158,101.174
428.244,78.4045
428.331,81.6692
428.417,54.8526
428.503,87.3498
428.59,96.4168
428.676,88.965
428.762,69.566
428.849,75.2243
428.935,66.5755
429.021,84.3736
429.107,104.879
429.194,99.2703
429.28,88.6378
429.366,85.1076
429.453,82.4488
429.539,91.8324
429.625,98.2474
429.712,82.3782
429.798,84.9322
429.884,81.4479
429.97,88.2382
430.057,69.6248
430.143,81.3995
430.229,85.5201
430.316,79.4327
430.402,95.387
430.488,81.3781
430.574,78.9001
430.661,91.9334
430.747,72.2023
430.833,83.6324
430.919,83.6187
431.006,65.0665
431.092,92.2576
431.178,96.0463
431.264,73.7821
431.351,86.5811
431.437,77.806
431.523,88.5291
431.61,88.3672
431.696,110.877
431.782,88.8598
431.868,112.661
431.955,87.4443
432.041,85.4733
432.127,105.02
432.213,102.222
432.3,107.053
432.386,79.0933
432.472,80.9641
432.558,86.2746
432.644,99.3761
432.731,112.469
432.817,88.2053
432.903,96.4188
432.989,96.4848
433.076,91.2412
433.162,85.9352
433.248,98.5048
433.334,88.1075
433.421,95.6189
433.507,98.266
433.593,103.986
433.679,95.4368
433.765,97.1472
433.852,89.2587
433.938,110.061
434.024,108.825
434.11,102.126
434.196,96.5297
434.283,102.382
434.369,62.4996
434.455,87.2622
434.541,84.6464
434.627,109.337
434.714,72.7502
434.8,95.4075
434.886,102.569
434.972,103.792
435.058,85.9285
435.145,108.537
435.231,87.3159
435.317,90.0253
435.403,107.09
435.489,105.963
435.576,84.1871
435.662,96.1529
435.748,86.8817
435.834,103.587
435.92,101.47
436.006,92.0727
436.093,94.8137
436.179,94.1379
436.265,90.9281
436.351,113.21
436.437,108.73
436.523,108.875
436.61,91.646
436.696,115.235
436.782,95.1864
436.868,96.6872
436.954,99.168
437.04,104.464
437.126,83.3081
437.213,91.6672
437.299,88.4502
437.385,103.83
437.471,83.6297
437.557,102.692
437.643,89.1147
437.729,95.3123
437.816,97.305
437.902,80.1945
437.988,85.684
438.074,108.491
438.16,89.6849
438.246,94.6843
438.332,93.8456
438.419,121.669
438.505,99.2603
438.591,82.2162
438.677,93.8958
438.763,107.398
438.849,98.3973
438.935,81.5172
439.021,108.497
439.107,99.8411
439.194,102.133
439.28,101.416
439.366,80.947
439.452,106.759
439.538,93.7037
439.624,94.4752
439.71,115.577
439.796,98.1023
439.882,82.5059
439.969,102.178
440.055,85.8747
440.141,93.4678
440.227,118.431
440.313,97.7631
440.399,104.828
440.485,76.6584
440.571,106.837
440.657,95.355
440.743,72.401
440.829,88.0127
440.915,78.5506
441.002,67.8081
441.088,86.82
441.174,65.4445
441.26,93.3897
441.346,79.7956
441.432,87.3276
441.518,83.2306
441.604,94.571
441.69,94.0069
441.776,95.176
441.862,94.2835
441.948,87.8934
442.034,105.367
442.12,117.725
442.206,115.633
442.292,89.3023
442.379,110.924
442.465,81.3367
442.551,101.824
442.637,107.435
442.723,93.1022
442.809,88.7793
442.895,95.0214
442.981,111.482
443.067,85.6005
443.153,95.5376
443.239,99.6878
443.325,101.39
443.411,80.6851
443.497,96.9494
443.583,117.068
443.669,86.0913
443.755,94.8107
443.841,112.988
443.927,103.345
444.013,94.3661
444.099,93.0514
444.185,99.4759
444.271,105.9
444.357,97.4868
444.443,122.204
444.529,116.649
444.615,74.6831
444.701,91.5992
444.787,85.3195
444.873,83.9221
444.959,89.4726
445.045,107.083
445.131,87.4137
445.217,81.2855
445.303,88.162
445.389,102.672
445.475,92.4625
445.561,104.876
445.647,106.89
445.733,95.8864
445.819,86.8599
445.905,96.075
445.991,111.386
446.077,126.222
446.163,105.837
446.249,121.482
446.335,100.324
446.421,105.825
446.507,94.9657
446.593,93.6014
446.679,70.6503
446.765,95.9475
446.851,85.4972
446.937,104.843
447.023,87.67
447.109,88.9874
447.195,112.651
447.281,105.531
447.367,110.164
447.452,111.084
447.538,95.3654
447.624,113.806
447.71,95.381
447.796,91.0678
447.882,100.089
447.968,72.6329
448.054,88.5058
448.14,107.015
448.226,89.8528
448.312,87.5388
448.398,106.607
448.484,99.019
448.57,116.596
448.656,97.5375
448.742,114.026
448.827,118.402
448.913,98.7964
448.999,81.5914
449.085,97.8192
449.171,98.6433
449.257,87.6398
449.343,108.632
449.429,92.917
449.515,98.8066
449.601,111.981
449.687,72.732
449.773,116.616
449.858,93.3988
449.944,110.278
450.03,96.7529
450.116,89.1614
450.202,106.836
450.288,92.715
450.374,87.856
450.46,106.583
450.546,85.3329
450.632,101.297
450.717,85.3438
450.803,101.83
450.889,108.779
450.975,82.0099
451.061,89.2772
451.147,80.9019
451.233,104.397
451.319,109.647
451.404,121.739
451.49,120.023
451.576,110.126
451.662,92.7777
451.748,97.0829
451.834,85.1871
451.92,101.854
452.006,69.7546
452.091,107.388
452.177,105.326
452.263,112.092
452.349,109.02
452.435,109.384
452.521,93.5287
452.607,92.3242
452.692,99.6603
452.778,120.379
452.864,115.637
452.95,117.271
453.036,95.4494
453.122,105.723
453.207,115.98
453.293,79.5041
453.379,86.8518
453.465,83.3698
453.551,93.6748
453.637,103.982
453.722,97.6141
453.808,105.063
453.894,130.01
453.98,109.12
454.066,94.8654
454.152,118.493
454.237,120.351
454.323,128.863
454.409,83.6511
454.495,99.6868
454.581,88.1399
454.666,109.705
454.752,103.775
454.838,110.79
454.924,104.673
455.01,108.082
455.096,125.676
455.181,98.4567
455.267,118.769
455.353,90.4324
455.439,106.821
455.525,105.825
455.61,109.665
455.696,83.2072
455.782,98.4017
455.868,89.7316
455.953,105.24
456.039,110.318
456.125,94.9326
456.211,99.0387
456.297,84.821
456.382,94.9032
456.468,116.531
456.554,117.571
456.64,104.495
456.725,85.0766
456.811,79.0264
456.897,104.307
456.983,112.925
457.069,102.074
457.154,108.427
457.24,103.822
457.326,104.548
457.412,123.603
457.497,100.224
457.583,124.776
457.669,104.915
457.755,109.093
457.84,89.3938
457.926,109.141
458.012,101.796
458.098,112.303
458.183,97.5488
458.269,97.6121
458.355,96.2243
458.441,111.441
458.526,96.9918
458.612,112.922
458.698,105.288
458.784,103.106
458.869,117.465
458.955,96.9288
459.041,101.954
459.126,121.392
459.212,83.6857
459.298,107.725
459.384,127.908
459.469,119.172
459.555,108.31
459.641,101.554
459.726,102.72
459.812,93.2276
459.898,112.554
459.984,115.577
460.069,122.039
460.155,95.7602
460.241,107.339
460.326,127.087
460.412,102.503
460.498,100.841
460.584,102.631
460.669,116.693
460.755,127.261
460.841,104.524
460.926,111.439
461.012,106.512
461.098,108.905
461.183,89.0906
461.269,97.9957
461.355,115.134
461.44,103.18
461.526,112.843
461.612,91.2411
461.697,104.656
461.783,103.457
461.869,111.623
461.954,93.5871
462.04,105.72
462.126,125.59
462.211,116.803
462.297,101.904
462.383,102.271
462.468,127.157
462.554,107.428
462.64,122.037
462.725,115.393
462.811,83.0284
462.897,93.1607
462.982,117.667
463.068,85.3348
463.154,109.084
463.239,119.347
463.325,102.677
463.411,110.908
463.496,91.7553
463.582,122.269
463.668,129.851
463.753,134.799
463.839,100.139
463.924,101.597
464.01,96.2957
464.096,101.33
464.181,89.1561
464.267,102.135
464.353,103.416
464.438,120.791
464.524,110.842
464.609,101.314
464.695,81.9087
464.781,108.522
464.866,109.882
464.952,92.8657
465.038,110.306
465.123,118.243
465.209,88.782
465.294,115.089
465.38,117.009
465.466,95.4378
465.551,117.001
465.637,95.6268
465.722,97.8259
465.808,102.087
465.894,119.494
465.979,112.059
466.065,116.872
466.15,111.709
466.236,104.162
466.321,102.848
466.407,114.092
466.493,119.614
466.578,111.85
466.664,103.152
466.749,113.269
466.835,112.793
466.921,112.879
467.006,111.356
467.092,97.3951
467.177,91.0503
467.263,107.979
467.348,101.32
467.434,106.078
467.52,118.216
467.605,96.8747
467.691,112.597
467.776,106.695
467.862,120.718
467.947,110.978
468.033,96.5636
468.118,101.816
468.204,105.891
468.29,115.799
468.375,136.735
468.461,130.739
468.546,99.3897
468.632,103.221
468.717,103.514
468.803,108.496
468.888,115.756
468.974,112.989
469.059,116.674
469.145,116.546
469.23,108.504
469.316,112.394
469.401,81.5837
469.487,103.854
469.573,112.654
469.658,121.472
469.744,123.319
469.829,130.523
469.915,100.081
470.0,106.491
470.086,98.9078
470.171,99.3733
470.257,116.161
470.342,92.1414
470.428,120.32
470.513,109.418
470.599,98.0389
470.684,111.782
470.77,119.103
470.855,122.673
470.941,96.8556
471.026,122.412
471.112,107.318
471.197,117.569
471.283,123.126
471.368,120.356
471.454,123.016
471.539,135.776
471.625,112.837
471.71,117.312
471.796,107.003
471.881,121.287
471.967,122.008
472.052,135.926
472.137,130.524
472.223,122.987
472.308,128.938
472.394,104.952
472.479,106.419
472.565,122.647
472.65,134.575
472.736,100.926
472.821,131.901
472.907,120.706
472.992,130.359
473.078,136.356
473.163,111.455
473.248,126.028
473.334,139.498
473.419,126.989
473.505,123.936
473.59,116.492
473.676,135.077
473.761,119.319
473.847,124.193
473.932,127.736
474.017,139.477
474.103,118.026
474.188,122.557
474.274,137.603
474.359,122.699
474.445,132.118
474.53,115.974
474.616,142.256
474.701,149.194
474.786,142.905
474.872,118.168
474.957,135.535
475.043,132.413
475.128,116.713
475.213,136.237
475.299,158.834
475.384,139.221
475.47,128.382
475.555,132.698
475.64,157.919
475.726,175.6
475.811,149.047
475.897,154.554
475.982,147.984
476.067,136.455
476.153,166.84
476.238,144.524
476.324,119.484
476.409,144.682
476.494,154.799
476.58,136.192
476.665,134.306
476.751,136.909
476.836,159.298
476.921,149.333
477.007,151.499
477.092,147.442
477.178,151.507
477.263,149.838
477.348,155.473
477.434,139.455
477.519,157.121
477.604,153.515
477.69,150.512
477.775,150.106
477.86,179.66
477.946,142.5
478.031,161.059
478.117,151.154
478.202,143.016
478.287,176.155
478.373,157.576
478.458,176.297
478.543,193.064
478.629,173.435
478.714,170.663
478.799,172.09
478.885,177.768
478.97,165.472
479.055,177.759
479.141,183.789
479.226,213.769
479.311,176.989
479.397,157.945
479.482,173.606
479.567,192.276
479.653,203.969
479.738,186.679
479.823,174.154
479.909,183.969
479.994,173.483
480.079,224.842
480.165,200.868
480.25,217.356
480.335,203.209
480.421,197.882
480.506,199.052
480.591,231.685
480.677,196.932
480.762,216.239
480.847,194.819
480.932,226.046
481.018,212.407
481.103,222.162
481.188,216.35
481.274,236.132
481.359,227.33
481.444,232.722
481.53,232.548
481.615,229.502
481.7,223.264
481.785,249.459
481.871,259.241
481.956,244.246
482.041,245.795
482.127,275.304
482.212,272.33
482.297,229.686
482.382,280.152
482.468,261.778
482.553,280.736
482.638,269.062
482.723,280.278
482.809,283.668
482.894,282.222
482.979,284.03
483.064,322.026
483.15,300.606
483.235,285.2
483.32,303.012
483.406,285.863
483.491,326.353
483.576,299.348
483.661,311.716
483.747,307.726
483.832,337.814
483.917,321.297
484.002,328.156
484.087,342.841
484.173,343.373
484.258,349.35
484.343,353.326
484.428,340.022
484.514,399.666
484.599,373.441
484.684,377.62
484.769,389.901
484.855,400.986
484.94,400.863
485.025,401.114
485.11,398.552
485.195,395.407
485.281,422.246
485.366,404.735
485.451,414.865
485.536,428.208
485.622,429.203
485.707,425.559
485.792,439.838
485.877,448.982
485.962,462.884
486.048,468.031
486.133,454.599
486.218,482.563
486.303,474.068
486.388,493.679
486.474,499.657
486.559,469.058
486.644,503.001
486.729,506.075
486.814,502.104
486.9,514.371
486.985,522.793
487.07,510.141
487.155,524.602
487.24,521.835
487.325,534.393
487.411,547.123
487.496,535.702
487.581,556.705
487.666,585.205
487.751,566.342
487.836,540.255
487.922,586.478
488.007,588.352
488.092,571.586
488.177,566.436
488.262,586.479
488.347,562.272
488.433,597.44
488.518,589.842
488.603,599.048
488.688,592.623
488.773,625.832
488.858,608.361
488.944,617.036
489.029,633.935
489.114,610.995
489.199,640.634
489.284,658.068
489.369,635.927
489.454,658.344
489.54,659.895
489.625,675.69
489.71,650.751
489.795,660.76
489.88,690.726
489.965,691.816
490.05,710.567
490.135,743.138
490.221,730.474
490.306,732.363
490.391,743.688
490.476,776.831
490.561,784.038
490.646,794.982
490.731,768.667
490.816,771.156
490.901,780.316
490.987,780.212
491.072,807.33
491.157,836.02
491.242,778.064
491.327,818.747
491.412,849.187
491.497,891.03
491.582,853.227
491.667,905.437
491.752,886.773
491.838,895.153
491.923,902.02
492.008,891.676
492.093,943.085
492.178,934.149
492.263,937.491
492.348,975.196
492.433,971.168
492.518,979.342
492.603,990.079
492.688,972.979
492.773,1034.57
492.859,1033.96
492.944,1094.82
493.029,1064.54
493.114,1090.86
493.199,1100.89
493.284,1129.5
493.369,1104.13
493.454,1143.65
493.539,1100.27
493.624,1169.23
493.709,1150.8
493.794,1151.08
493.879,1160.63
493.964,1150.2
494.049,1254.94
494.134,1222.59
494.219,1204.04
494.304,1231.31
494.39,1257.82
494.475,1270.88
494.56,1316.58
494.645,1319.95
494.73,1336.77
494.815,1349.46
494.9,1378.07
494.985,1411.29
495.07,1399.5
495.155,1420.5
495.24,1439.44
495.325,1496.86
495.41,1512.84
495.495,1483.9
495.58,1563.42
495.665,1561.07
495.75,1563.87
495.835,1595.65
495.92,1610.28
496.005,1625.35
496.09,1676.16
496.175,1721.61
496.26,1707.02
496.345,1761.61
496.43,1746.21
496.515,1815.38
496.6,1818.8
496.685,1879.47
496.77,1838.34
496.855,1940.57
496.94,1991.77
497.025,1984.4
497.11,2012.39
497.195,2064.0
497.28,2134.17
497.365,2197.85
497.45,2198.46
497.535,2236.75
497.62,2300.18
497.705,2327.85
497.79,2364.66
497.875,2408.22
497.96,2455.53
498.045,2515.01
498.13,2592.67
498.215,2598.92
498.3,2695.41
498.385,2681.95
498.47,2761.21
498.555,2846.59
498.639,2864.48
498.724,2908.1
498.809,2918.47
498.894,3081.08
498.979,3058.45
499.064,3094.05
499.149,3231.69
499.234,3267.78
499.319,3295.93
499.404,3338.85
499.489,3436.78
499.574,3529.02
499.659,3578.5
499.744,3610.77
499.829,3639.28
499.914,3780.48
499.999,3717.29
500.084,3881.48
500.168,3885.58
500.253,3923.78
500.338,4050.37
500.423,4117.02
500.508,4190.85
500.593,4158.9
500.678,4277.55
500.763,4350.2
500.848,4403.91
500.933,4466.68
501.018,4546.52
501.103,4612.38
501.187,4676.71
501.272,4655.0
501.357,4793.48
501.442,4765.09
501.527,4898.72
501.612,4920.42
501.697,5069.9
501.782,5222.37
501.867,5259.12
501.952,5278.77
502.036,5391.45
502.121,5463.33
502.206,5546.88
502.291,5692.61
502.376,5723.02
502.461,5840.55
502.546,5858.02
502.631,5995.77
502.716,6011.25
502.8,6146.42
502.885,6259.77
502.97,6227.04
503.055,6411.73
503.14,6444.11
503.225,6600.86
503.31,6704.86
503.395,6790.76
503.479,6722.19
503.564,6788.63
503.649,6805.87
503.734,6947.88
503.819,6899.58
503.904,7003.44
503.989,6984.27
504.073,7076.65
504.158,6934.24
504.243,6937.02
504.328,6928.09
504.413,6992.73
504.498,6843.49
504.582,6884.4
504.667,6954.23
504.752,6879.79
504.837,6809.83
504.922,6830.42
505.007,6695.39
505.091,6745.22
505.176,6610.06
505.261,6587.74
505.346,6503.08
505.431,6591.27
505.516,6368.77
505.6,6390.41
505.685,6431.93
505.77,6334.84
505.855,6300.09
505.94,6294.9
506.025,6107.13
506.109,6154.89
506.194,6146.42
506.279,6031.41
506.364,6078.7
506.449,5939.83
506.533,5959.4
506.618,5856.32
506.703,5848.0
506.788,5775.88
506.873,5834.78
506.957,5680.68
507.042,5624.02
507.127,5632.37
507.212,5613.56
507.297,5527.39
507.381,5563.12
507.466,5455.37
507.551,5404.5
507.636,5277.99
507.72,5376.59
507.805,5303.47
507.89,5292.73
507.975,5233.83
508.06,5115.01
508.144,5114.04
508.229,5079.68
508.314,5117.9
508.399,5054.7
508.483,5001.62
508.568,4958.67
508.653,4945.31
508.738,4901.28
508.822,4853.28
508.907,4824.13
508.992,4750.21
509.077,4922.46
509.161,4774.31
509.246,4731.92
509.331,4703.17
509.416,4660.54
509.5,4668.04
509.585,4547.83
509.67,4558.73
509.755,4578.95
509.839,4599.48
509.924,4556.56
510.009,4401.38
510.094,4553.87
510.178,4488.13
510.263,4547.88
510.348,4413.94
510.433,4433.84
510.517,4339.48
510.602,4406.87
510.687,4326.68
510.771,4350.26
510.856,4353.74
510.941,4341.45
511.026,4301.85
511.11,4359.33
511.195,4373.36
511.28,4331.33
511.364,4365.74
511.449,4297.61
511.534,4348.56
511.619,4301.41
511.703,4309.1
511.788,4257.19
511.873,4319.71
511.957,4286.58
512.042,4251.54
512.127,4357.43
512.211,4285.69
512.296,4344.86
512.381,4308.73
512.466,4303.66
512.55,4277.58
512.635,4303.88
512.72,4344.56
512.804,4296.18
512.889,4322.16
512.974,4329.31
513.058,4303.14
513.143,4291.78
513.228,4246.23
513.312,4261.78
513.397,4304.77
513.482,4242.52
513.566,4229.23
513.651,4234.55
513.736,4181.79
513.82,4185.46
513.905,4239.46
513.99,4241.43
514.074,4169.57
514.159,4207.07
514.244,4249.4
514.328,4259.2
514.413,4270.76
514.498,4204.7
514.582,4213.7
514.667,4252.34
514.752,4254.67
514.836,4237.89
514.921,4359.31
515.005,4309.21
515.09,4244.53
515.175,4332.39
515.259,4180.81
515.344,4326.76
515.429,4306.74
515.513,4342.29
515.598,4334.31
515.682,4374.38
515.767,4365.38
515.852,4407.51
515.936,4423.22
516.021,4390.0
516.106,4472.09
516.19,4518.27
516.275,4547.9
516.359,4579.88
516.444,4610.47
516.529,4666.67
516.613,4699.68
516.698,4692.94
516.782,4683.45
516.867,4785.13
516.952,4853.07
517.036,4823.55
517.121,4878.64
517.205,4928.4
517.29,4940.64
517.375,5031.89
517.459,5084.59
517.544,5147.59
517.628,5206.39
517.713,5225.58
517.798,5277.59
517.882,5382.21
517.967,5458.21
518.051,5484.36
518.136,5468.06
518.22,5646.08
518.305,5690.22
518.39,5701.0
518.474,5811.73
518.559,5811.25
518.643,5855.21
518.728,5974.49
518.812,6097.37
518.897,6133.04
518.982,6229.3
519.066,6305.11
519.151,6385.29
519.235,6385.7
519.32,6596.49
519.404,6600.74
519.489,6755.56
519.573,6802.23
519.658,6936.27
519.743,6995.04
519.827,7145.97
519.912,7186.5
519.996,7395.42
520.081,7447.3
520.165,7564.71
520.25,7652.36
520.334,7681.2
520.419,7911.79
520.503,8024.96
520.588,8076.17
520.672,8199.82
520.757,8411.2
520.841,8400.27
520.926,8533.6
521.011,8642.97
521.095,8833.87
521.18,8920.38
521.264,9117.86
521.349,9160.88
521.433,9284.15
521.518,9430.01
521.602,9520.34
521.687,9670.54
521.771,9764.32
521.856,9880.71
521.94,10082.5
522.025,10082.6
522.109,10288.5
522.194,10423.6
522.278,10501.9
522.363,10598.5
522.447,10872.5
522.532,10874.7
522.616,11066.7
522.701,11126.9
522.785,11192.8
522.87,11323.1
522.954,11611.2
523.039,11664.9
523.123,11765.8
523.207,11922.5
523.292,12174.5
523.376,12253.5
523.461,12429.7
523.545,12565.5
523.63,12720.3
523.714,12815.5
523.799,13037.7
523.883,13156.4
523.968,13379.5
524.052,13448.4
524.137,13583.2
524.221,13793.4
524.306,13791.6
524.39,13983.0
524.474,14247.3
524.559,14257.7
524.643,14473.9
524.728,14624.9
524.812,14711.2
524.897,14741.7
524.981,14911.5
525.066,14950.4
525.15,15042.5
525.234,15011.4
525.319,15065.1
525.403,15031.2
525.488,15027.4
525.572,14957.9
525.657,14982.7
525.741,14809.2
525.825,14873.6
525.91,14738.0
525.994,14516.3
526.079,14559.9
526.163,14324.2
526.248,14253.8
526.332,14051.2
526.416,13947.3
526.501,13707.9
526.585,13532.3
526.67,13320.9
526.754,13313.3
526.838,13143.6
526.923,12856.3
527.007,12795.5
527.092,12585.8
527.176,12325.9
527.26,12192.2
527.345,12120.9
527.429,11958.6
527.514,11742.8
527.598,11566.1
527.682,11409.1
527.767,11321.3
527.851,11004.6
527.936,10916.4
528.02,10801.5
528.104,10558.6
528.189,10438.8
528.273,10199.9
528.358,10149.5
528.442,9963.95
528.526,9785.04
528.611,9640.77
528.695,9558.93
528.779,9293.08
528.864,9224.58
528.948,8966.71
529.032,8859.84
529.117,8699.87
529.201,8652.67
529.286,8484.07
529.37,8402.84
529.454,8199.06
529.539,8048.51
529.623,7969.39
529.707,7936.63
529.792,7798.06
529.876,7627.81
529.96,7415.88
530.045,7359.61
530.129,7228.48
530.213,7075.74
530.298,7028.38
530.382,7023.87
530.466,6915.24
530.551,6745.71
530.635,6748.34
530.719,6515.42
530.804,6386.12
530.888,6378.16
530.972,6341.48
531.057,6270.36
531.141,6187.54
531.225,6129.78
531.31,6036.87
531.394,5981.87
531.478,5902.66
531.563,5850.84
531.647,5766.69
531.731,5719.18
531.816,5625.35
531.9,5597.96
531.984,5522.09
532.068,5487.35
532.153,5365.09
532.237,5366.22
532.321,5300.66
532.406,5317.54
532.49,5214.69
532.574,5054.53
532.659,5074.37
532.743,5038.81
532.827,4943.59
532.911,4952.06
532.996,4870.58
533.08,4833.67
533.164,4857.39
533.249,4861.89
533.333,4774.44
533.417,4765.16
533.501,4711.98
533.586,4653.6
533.67,4657.09
533.754,4582.58
533.838,4558.44
533.923,4538.82
534.007,4568.04
534.091,4488.54
534.175,4451.98
534.26,4433.44
534.344,4395.29
534.428,4348.36
534.513,4275.3
534.597,4321.6
534.681,4290.01
534.765,4175.74
534.85,4237.1
534.934,4191.42
535.018,4190.63
535.102,4158.58
535.187,4090.08
535.271,4138.81
535.355,4035.49
535.439,3977.72
535.523,3967.94
535.608,3970.72
535.692,3935.23
535.776,3933.04
535.86,3913.42
535.945,3879.55
536.029,3803.48
536.113,3800.62
536.197,3872.58
536.282,3769.57
536.366,3767.38
536.45,3714.21
536.534,3710.71
536.618,3731.67
536.703,3696.47
536.787,3626.36
536.871,3671.52
536.955,3636.67
537.039,3596.62
537.124,3591.24
537.208,3628.52
537.292,3623.05
537.376,3575.23
537.46,3548.3
537.545,3566.43
537.629,3522.59
537.713,3544.27
537.797,3512.75
537.881,3482.59
537.966,3549.41
538.05,3481.62
538.134,3470.38
538.218,3526.78
538.302,3479.46
538.386,3524.78
538.471,3508.01
538.555,3543.4
538.639,3490.59
538.723,3513.3
538.807,3435.56
538.892,3487.06
538.976,3457.39
539.06,3461.83
539.144,3501.75
539.228,3465.17
539.312,3510.58
539.397,3501.7
539.481,3455.6
539.565,3477.15
539.649,3523.07
539.733,3525.25
539.817,3517.32
539.901,3534.98
539.986,3579.96
540.07,3552.34
540.154,3690.29
540.238,3578.46
540.322,3557.97
540.406,3615.24
540.49,3635.75
540.575,3645.98
540.659,3637.54
540.743,3658.28
540.827,3673.02
540.911,3720.17
540.995,3711.5
541.079,3753.47
541.163,3768.32
541.248,3747.3
541.332,3845.09
541.416,3890.81
541.5,3829.6
541.584,3840.66
541.668,3874.99
541.752,3912.79
541.836,3958.06
541.921,4050.86
542.005,3964.84
542.089,4067.3
542.173,4043.84
542.257,4140.75
542.341,4125.06
542.425,4115.84
542.509,4181.66
542.593,4252.81
542.677,4270.93
542.762,4283.54
542.846,4311.26
542.93,4347.56
543.014,4407.58
543.098,4398.17
543.182,4460.15
543.266,4499.64
543.35,4525.38
543.434,4581.15
543.518,4593.56
543.602,4630.99
543.686,4601.83
543.771,4689.98
543.855,4817.19
543.939,4824.84
544.023,4783.62
544.107,4891.46
544.191,4906.12
544.275,4922.51
544.359,5017.18
544.443,5099.59
544.527,5063.16
544.611,5182.53
544.695,5282.37
544.779,5302.49
544.863,5324.55
544.947,5393.66
545.031,5452.5
545.115,5507.39
545.2,5518.4
545.284,5555.24
545.368,5638.44
545.452,5729.78
545.536,5774.29
545.62,5819.91
545.704,5882.66
545.788,5908.91
545.872,6025.36
545.956,6035.76
546.04,6095.59
546.124,6220.25
546.208,6277.13
546.292,6412.91
546.376,6401.06
546.46,6468.25
546.544,6508.73
546.628,6597.35
546.712,6661.93
546.796,6710.85
546.88,6812.79
546.964,6787.72
547.048,6917.37
547.132,7039.15
547.216,7024.75
547.3,7137.01
547.384,7107.28
547.468,7297.29
547.552,7334.47
547.636,7384.26
547.72,7488.67
547.804,7507.46
547.888,7637.52
547.972,7623.63
548.056,7676.01
548.14,7796.89
548.224,7803.64
548.308,7879.86
548.392,7901.68
548.476,7973.2
548.56,7860.07
548.644,7931.39
548.728,8005.79
548.812,7955.53
548.896,8048.73
548.98,8083.3
549.064,8093.91
549.148,8063.43
549.232,8069.8
549.316,7953.33
549.4,8005.9
549.484,7933.36
549.568,7996.18
549.652,7822.9
549.736,7834.05
549.819,7735.79
549.903,7701.97
549.987,7700.01
550.071,7581.23
550.155,7449.12
550.239,7548.21
550.323,7346.74
550.407,7262.55
550.491,7303.17
550.575,7213.85
550.659,7068.18
550.743,7071.23
550.827,7004.74
550.911,6854.43
550.995,6839.35
551.079,6689.5
551.162,6601.24
551.246,6471.13
551.33,6458.9
551.414,6398.29
551.498,6326.14
551.582,6191.53
551.666,6196.78
551.75,6080.33
551.834,5969.01
551.918,5913.35
552.002,5785.17
552.086,5708.49
552.17,5649.02
552.253,5589.67
552.337,5509.7
552.421,5455.02
552.505,5367.29
552.589,5339.62
552.673,5158.16
552.757,5137.19
552.841,5081.32
552.925,4946.66
553.008,4920.62
553.092,4846.74
553.176,4781.18
553.26,4740.14
553.344,4674.23
553.428,4579.62
553.512,4490.97
553.596,4430.17
553.68,4326.13
553.763,4284.53
553.847,4227.37
553.931,4188.33
554.015,4172.88
554.099,4009.61
554.183,4044.73
554.267,3929.37
554.351,3825.95
554.434,3866.74
554.518,3809.91
554.602,3712.07
554.686,3744.66
554.77,3671.72
554.854,3603.78
554.938,3611.75
555.021,3537.22
555.105,3487.6
555.189,3419.35
555.273,3375.64
555.357,3419.18
555.441,3339.43
555.524,3273.0
555.608,3225.01
555.692,3218.65
555.776,3177.1
555.86,3096.51
555.944,3085.21
556.027,3055.36
556.111,3030.56
556.195,3011.97
556.279,2917.9
556.363,2925.92
556.447,2916.35
556.53,2876.61
556.614,2836.4
556.698,2800.25
556.782,2846.18
556.866,2737.32
556.949,2694.27
557.033,2691.49
557.117,2696.08
557.201,2658.79
557.285,2621.9
557.369,2646.87
557.452,2616.81
557.536,2548.95
557.62,2539.4
557.704,2546.59
557.788,2489.98
557.871,2497.42
557.955,2430.82
558.039,2452.04
558.123,2446.04
558.206,2391.9
558.29,2407.51
558.374,2339.77
558.458,2382.25
558.542,2327.85
558.625,2268.37
558.709,2267.28
558.793,2293.99
558.877,2195.63
558.961,2241.85
559.044,2183.35
559.128,2168.2
559.212,2181.49
559.296,2146.79
559.379,2130.21
559.463,2079.25
559.547,2101.04
559.631,2079.28
559.714,2004.61
559.798,2039.79
559.882,2051.85
559.966,1993.28
560.049,2003.43
560.133,1981.45
560.217,1943.29
560.301,1960.24
560.384,1924.12
560.468,1873.62
560.552,1943.51
560.636,1898.02
560.719,1851.57
560.803,1852.07
560.887,1832.4
560.971,1799.29
561.054,1797.43
561.138,1807.44
561.222,1739.68
561.305,1774.01
561.389,1743.01
561.473,1730.14
561.557,1740.31
561.64,1725.37
561.724,1745.38
561.808,1743.84
561.892,1716.57
561.975,1637.37
562.059,1646.63
562.143,1641.27
562.226,1648.1
562.31,1636.19
562.394,1617.82
562.477,1650.87
562.561,1604.2
562.645,1573.05
562.729,1618.32
562.812,1599.67
562.896,1586.62
562.98,1596.99
563.063,1547.18
563.147,1585.27
563.231,1530.77
563.314,1536.72
563.398,1542.4
563.482,1524.05
563.565,1523.12
563.649,1570.87
563.733,1513.06
563.817,1530.8
563.9,1540.69
563.984,1496.33
564.068,1519.89
564.151,1518.02
564.235,1532.57
564.319,1511.08
564.402,1507.52
564.486,1488.24
564.57,1466.16
564.653,1480.17
564.737,1515.53
564.821,1513.04
564.904,1453.11
564.988,1514.76
565.071,1532.99
565.155,1497.1
565.239,1459.38
565.322,1518.67
565.406,1498.66
565.49,1530.98
565.573,1520.6
565.657,1506.01
565.741,1534.25
565.824,1516.56
565.908,1504.05
565.992,1483.81
566.075,1541.34
566.159,1538.05
566.242,1540.59
566.326,1555.84
566.41,1523.29
566.493,1511.78
566.577,1558.86
566.661,1547.66
566.744,1543.84
566.828,1579.8
566.911,1539.41
566.995,1548.49
567.079,1526.26
567.162,1571.91
567.246,1520.32
567.329,1584.57
567.413,1574.16
567.497,1575.22
567.58,1565.7
567.664,1606.32
567.747,1587.62
567.831,1566.17
567.915,1563.66
567.998,1577.55
568.082,1572.38
568.165,1592.66
568.249,1633.67
568.333,1581.31
568.416,1648.94
568.5,1597.71
568.583,1657.71
568.667,1656.22
568.751,1633.22
568.834,1639.1
568.918,1639.8
569.001,1676.38
569.085,1670.26
569.168,1676.5
569.252,1768.42
569.336,1721.01
569.419,1681.76
569.503,1733.19
569.586,1745.67
569.67,1749.99
569.753,1748.78
569.837,1824.41
569.92,1766.46
570.004,1746.2
570.088,1768.73
570.171,1848.47
570.255,1793.11
570.338,1856.16
570.422,1790.21
570.505,1860.96
570.589,1893.06
570.672,1877.9
570.756,1857.09
570.839,1886.28
570.923,1920.47
571.007,1947.2
571.09,1947.28
571.174,2004.45
571.257,1945.9
571.341,2018.1
571.424,1969.73
571.508,2022.18
571.591,1995.36
571.675,2067.98
571.758,2072.83
571.842,2098.08
571.925,2112.15
572.009,2121.34
572.092,2130.65
572.176,2186.91
572.259,2125.16
572.343,2202.27
572.426,2246.02
572.51,2290.2
572.593,2258.28
572.677,2269.07
572.76,2260.2
572.844,2279.66
572.927,2322.89
573.011,2314.37
573.094,2334.88
573.178,2361.22
573.261,2406.84
573.345,2409.79
573.428,2414.43
573.512,2421.6
573.595,2468.73
573.679,2494.85
573.762,2497.31
573.846,2471.83
573.929,2523.86
574.013,2523.62
574.096,2534.05
574.18,2547.5
574.263,2579.63
574.347,2567.42
574.43,2623.78
574.514,2614.67
574.597,2625.49
574.68,2590.86
574.764,2578.96
574.847,2641.27
574.931,2594.07
575.014,2626.18
575.098,2575.67
575.181,2601.96
575.265,2576.07
575.348,2568.13
575.432,2561.15
575.515,2571.72
575.598,2508.39
575.682,2533.34
575.765,2511.28
575.849,2468.76
575.932,2494.05
576.016,2526.56
576.099,2447.28
576.182,2451.45
576.266,2480.99
576.349,2400.03
576.433,2396.15
576.516,2388.57
576.6,2359.24
576.683,2344.27
576.766,2340.34
576.85,2316.05
576.933,2281.67
577.017,2261.59
577.1,2311.13
577.184,2225.74
577.267,2191.0
577.35,2161.64
577.434,2191.75
577.517,2192.48
577.601,2166.33
577.684,2155.44
577.767,2056.0
577.851,2045.38
577.934,2070.55
578.018,2044.09
578.101,1997.19
578.184,1994.4
578.268,1981.91
578.351,1911.44
578.435,1884.28
578.518,1886.0
578.601,1872.72
578.685,1829.25
578.768,1856.34
578.851,1815.55
578.935,1774.59
579.018,1766.24
579.102,1763.09
579.185,1688.29
579.268,1724.15
579.352,1659.31
579.435,1672.02
579.518,1647.14
579.602,1646.5
579.685,1576.31
579.768,1597.6
579.852,1565.45
579.935,1555.38
580.019,1536.2
580.102,1565.7
580.185,1512.03
580.269,1508.72
580.352,1463.96
580.435,1449.87
580.519,1435.65
580.602,1430.57
580.685,1444.16
580.769,1377.67
580.852,1404.17
580.935,1395.96
581.019,1343.94
581.102,1338.03
581.185,1307.2
581.269,1355.63
581.352,1272.3
581.435,1249.62
581.519,1256.53
581.602,1292.34
581.685,1223.23
581.769,1245.1
581.852,1177.21
581.935,1192.39
582.019,1181.36
582.102,1162.85
582.185,1108.55
582.269,1125.49
582.352,1130.54
582.435,1153.55
582.518,1153.99
582.602,1130.15
582.685,1101.79
582.768,1130.76
582.852,1099.79
582.935,1086.54
583.018,1058.32
583.102,1013.35
583.185,1038.15
583.268,1041.5
583.351,1007.29
583.435,1003.3
583.518,1013.13
583.601,1004.96
583.685,995.455
583.768,992.289
583.851,948.687
583.934,924.095
584.018,952.004
584.101,947.725
584.184,928.872
584.267,909.413
584.351,923.144
584.434,953.778
584.517,945.152
584.601,921.637
584.684,884.265
584.767,891.699
584.85,866.339
584.934,883.9
585.017,872.633
585.1,845.746
585.183,889.287
585.267,846.603
585.35,834.655
585.433,833.546
585.516,800.483
585.6,829.952
585.683,843.089
585.766,804.383
585.849,782.941
585.933,783.26
586.016,799.227
586.099,778.938
586.182,769.085
586.266,785.853
586.349,752.831
586.432,759.665
586.515,753.962
586.598,744.65
586.682,716.708
586.765,720.883
586.848,682.694
586.931,727.168
587.015,720.964
587.098,712.883
587.181,740.441
587.264,668.218
587.347,706.721
587.431,681.309
587.514,690.84
587.597,665.165
587.68,656.713
587.763,666.561
587.847,647.45
587.93,638.526
588.013,679.126
588.096,635.462
588.179,663.786
588.263,637.801
588.346,630.536
588.429,613.893
588.512,613.437
588.595,624.89
588.678,596.494
588.762,621.941
588.845,619.794
588.928,610.301
589.011,567.643
589.094,566.762
589.178,582.236
589.261,612.072
589.344,565.319
589.427,593.948
589.51,569.676
589.593,585.497
589.677,562.829
589.76,545.343
589.843,574.553
589.926,543.81
590.009,535.938
590.092,574.043
590.176,533.106
590.259,556.181
590.342,560.887
590.425,549.438
590.508,553.142
590.591,536.807
590.674,544.212
590.758,539.457
590.841,540.608
590.924,512.997
591.007,504.933
591.09,503.815
591.173,507.624
591.256,526.899
591.339,547.855
591.423,524.4
591.506,499.267
591.589,497.548
591.672,480.568
591.755,472.722
591.838,520.745
591.921,483.718
592.004,503.986
592.088,496.929
592.171,479.965
592.254,483.027
592.337,480.606
592.42,487.336
592.503,520.864
592.586,497.89
592.669,517.165
592.752,494.641
592.836,473.195
592.919,477.985
593.002,491.878
593.085,461.113
593.168,516.082
593.251,481.561
593.334,454.607
593.417,470.152
593.5,485.031
593.583,464.543
593.666,491.627
593.75,465.256
593.833,453.914
593.916,451.227
593.999,475.891
594.082,482.458
594.165,462.105
594.248,470.148
594.331,475.776
594.414,455.698
594.497,457.576
594.58,446.21
594.663,474.41
594.746,445.961
594.829,459.106
594.913,467.559
594.996,459.798
595.079,458.246
595.162,453.173
595.245,475.468
595.328,474.549
595.411,515.627
595.494,452.774
595.577,469.977
595.66,453.515
595.743,435.747
595.826,451.862
595.909,447.818
595.992,462.854
596.075,441.292
596.158,462.321
596.241,465.329
596.324,455.794
596.407,460.139
596.49,477.676
596.573,460.008
596.656,491.002
596.739,472.065
596.822,497.3
596.905,494.88
596.988,474.731
597.071,487.698
597.154,484.905
597.237,480.503
597.32,469.634
597.404,478.986
597.487,492.597
597.57,473.312
597.653,468.691
597.736,481.443
597.819,497.787
597.902,474.919
597.985,493.088
598.068,497.908
598.151,462.1
598.234,495.707
598.316,486.475
598.399,512.799
598.482,512.431
598.565,508.127
598.648,498.59
598.731,482.982
598.814,472.327
598.897,490.645
598.98,499.186
599.063,505.965
599.146,491.938
599.229,505.158
599.312,515.717
599.395,512.923
599.478,510.61
599.561,507.691
599.644,506.203
599.727,521.288
599.81,502.648
599.893,541.183
599.976,546.831
600.059,518.938
600.142,522.556
600.225,548.782
600.308,510.18
600.391,545.724
600.474,533.552
600.557,544.888
600.64,544.369
600.723,546.959
600.805,572.037
600.888,540.454
600.971,559.322
601.054,588.454
601.137,604.24
601.22,552.265
601.303,553.741
601.386,551.403
601.469,582.944
601.552,587.97
601.635,591.843
601.718,591.829
601.801,592.754
601.884,549.283
601.966,591.534
602.049,583.636
602.132,587.898
602.215,586.027
602.298,597.41
602.381,612.04
602.464,589.119
602.547,603.204
602.63,611.586
602.713,606.648
602.796,595.737
602.878,632.542
602.961,617.443
603.044,593.098
603.127,604.732
603.21,647.733
603.293,612.849
603.376,580.585
603.459,632.302
603.542,612.562
603.624,591.398
603.707,591.037
603.79,607.653
603.873,587.67
603.956,577.054
604.039,619.617
604.122,612.638
604.205,591.969
604.287,584.441
604.37,572.399
604.453,606.62
604.536,592.103
604.619,584.483
604.702,570.098
604.785,585.017
604.868,581.781
604.95,566.404
605.033,600.865
605.116,591.012
605.199,563.774
605.282,559.018
605.365,550.692
605.448,552.881
605.53,541.786
605.613,570.108
605.696,530.723
605.779,535.583
605.862,526.509
605.945,519.968
606.027,557.777
606.11,535.252
606.193,517.088
606.276,531.262
606.359,534.418
606.442,494.465
606.524,515.519
606.607,497.736
606.69,537.793
606.773,511.222
606.856,514.012
606.939,465.601
607.021,501.042
607.104,480.899
607.187,458.727
607.27,491.225
607.353,451.709
607.435,480.833
607.518,454.89
607.601,450.578
607.684,473.65
607.767,450.829
607.849,446.493
607.932,430.636
608.015,430.666
608.098,439.763
608.181,458.09
608.263,441.313
608.346,390.36
608.429,410.233
608.512,427.12
608.595,426.477
608.677,403.259
608.76,402.271
608.843,390.491
608.926,399.624
609.008,391.195
609.091,378.189
609.174,420.165
609.257,401.991
609.34,398.26
609.422,361.994
609.505,382.905
609.588,365.85
609.671,375.791
609.753,387.635
609.836,397.557
609.919,389.336
610.002,346.634
610.084,335.88
610.167,347.426
610.25,366.827
610.333,328.436
610.415,331.803
610.498,338.711
610.581,323.363
610.664,343.427
610.746,304.595
610.829,336.271
610.912,330.908
610.995,330.957
611.077,326.381
611.16,317.855
611.243,326.642
611.326,314.169
611.408,328.614
611.491,325.073
611.574,316.14
611.656,327.404
611.739,305.36
611.822,314.311
611.905,294.054
611.987,301.553
612.07,306.644
612.153,269.417
612.235,306.45
612.318,302.128
612.401,268.194
612.484,266.6
612.566,278.322
612.649,281.768
612.732,299.181
612.814,279.247
612.897,298.775
612.98,284.102
613.062,290.24
613.145,275.82
613.228,279.141
613.311,257.923
613.393,274.804
613.476,271.965
613.559,263.189
613.641,268.833
613.724,270.654
613.807,248.735
613.889,263.975
613.972,261.837
614.055,246.224
614.137,242.588
614.22,281.411
614.303,259.653
614.385,238.366
614.468,229.514
614.551,248.488
614.633,255.392
614.716,244.161
614.799,248.56
614.881,245.153
614.964,242.214
615.047,225.524
615.129,221.246
615.212,242.563
615.295,222.242
615.377,235.785
615.46,229.163
615.543,222.868
615.625,215.535
615.708,211.181
615.791,216.452
615.873,255.42
615.956,211.358
616.038,213.242
616.121,204.362
616.204,197.839
616.286,205.552
616.369,215.428
616.452,217.567
616.534,226.367
616.617,216.199
616.699,187.091
616.782,206.839
616.865,194.104
616.947,211.552
617.03,200.973
617.113,195.068
617.195,214.745
617.278,206.563
617.36,192.676
617.443,219.01
617.526,174.437
617.608,188.104
617.691,197.072
617.773,191.287
617.856,192.897
617.939,179.36
618.021,194.758
618.104,179.727
618.186,172.147
618.269,198.26
618.352,179.76
618.434,165.25
618.517,203.349
618.599,180.929
618.682,167.088
618.765,169.977
618.847,196.076
618.93,180.32
619.012,162.232
619.095,187.473
619.177,166.968
619.26,179.335
619.343,171.241
619.425,169.741
619.508,160.834
619.59,150.842
619.673,156.295
619.755,152.232
619.838,181.262
619.92,173.739
620.003,185.742
620.086,183.581
620.168,178.35
620.251,171.676
620.333,188.861
620.416,156.824
620.498,159.633
620.581,163.508
620.663,173.193
620.746,179.78
620.829,168.757
620.911,139.247
620.994,150.87
621.076,152.385
621.159,163.252
621.241,158.244
621.324,140.52
621.406,146.724
621.489,155.22
621.571,152.906
621.654,142.338
621.736,148.338
621.819,153.18
621.901,151.552
621.984,152.255
622.066,156.934
622.149,130.215
622.231,137.214
622.314,142.943
622.396,153.601
622.479,146.672
622.561,123.745
622.644,133.255
622.726,153.819
622.809,114.82
622.891,141.505
622.974,159.134
623.056,153.866
623.139,127.773
623.221,148.574
623.304,128.468
623.386,141.712
623.469,127.827
623.551,146.162
623.634,130.707
623.716,149.648
623.799,96.9232
623.881,136.099
623.964,119.535
624.046,118.934
624.129,163.484
624.211,136.801
624.294,133.867
624.376,130.973
624.459,141.637
624.541,126.345
624.624,129.753
624.706,146.451
624.788,130.902
624.871,136.507
624.953,129.155
625.036,119.473
625.118,123.992
625.201,124.658
625.283,124.223
625.366,134.045
625.448,108.681
625.531,147.743
625.613,138.837
625.695,119.437
625.778,110.602
625.86,127.282
625.943,115.996
626.025,127.453
626.108,127.043
626.19,120.256
626.272,132.23
626.355,135.744
626.437,127.496
626.52,116.175
626.602,134.437
626.685,127.774
626.767,100.631
626.849,125.01
626.932,121.077
627.014,115.448
627.097,138.213
627.179,100.728
627.262,122.851
627.344,113.347
627.426,124.429
627.509,134.304
627.591,100.253
627.674,141.148
627.756,153.337
627.838,125.494
627.921,142.268
628.003,108.626
628.086,117.066
628.168,140.061
628.25,103.305
628.333,120.668
628.415,116.805
628.497,126.227
628.58,128.583
628.662,124.716
628.745,120.61
628.827,133.42
628.909,128.574
628.992,134.106
629.074,132.186
629.157,137.699
629.239,118.038
629.321,108.497
629.404,130.554
629.486,132.92
629.568,124.443
629.651,126.51
629.733,158.759
629.815,140.552
629.898,123.022
629.98,100.268
630.063,131.45
630.145,117.792
630.227,145.308
630.31,117.478
630.392,124.809
630.474,132.96
630.557,124.827
630.639,127.05
630.721,107.117
630.804,119.252
630.886,142.413
630.968,126.063
631.051,140.493
631.133,128.484
631.215,117.119
631.298,135.836
631.38,117.104
631.462,124.731
631.545,130.888
631.627,154.117
631.709,133.843
631.792,120.308
631.874,126.024
631.956,135.648
632.039,140.869
632.121,130.125
632.203,161.668
632.285,127.344
632.368,137.862
632.45,130.589
632.532,122.718
632.615,119.074
632.697,148.615
632.779,133.407
632.862,148.489
632.944,121.286
633.026,137.366
633.108,130.169
633.191,155.325
633.273,134.092
633.355,128.164
633.438,141.311
633.52,119.963
633.602,135.94
633.684,138.862
633.767,141.742
633.849,136.659
633.931,152.992
634.014,123.172
634.096,139.233
634.178,144.884
634.26,133.423
634.343,143.495
634.425,108.117
634.507,137.17
634.589,132.065
634.672,127.854
634.754,153.168
634.836,124.464
634.918,145.632
635.001,123.445
635.083,107.531
635.165,150.555
635.248,142.416
635.33,124.55
635.412,143.274
635.494,137.671
635.576,122.156
635.659,149.709
635.741,125.749
635.823,120.25
635.905,151.202
635.988,126.574
636.07,121.66
636.152,115.797
636.234,136.997
636.317,151.378
636.399,143.485
636.481,114.78
636.563,136.603
636.645,171.679
636.728,144.295
636.81,111.273
636.892,127.003
636.974,139.307
637.057,132.789
637.139,121.094
637.221,104.168
637.303,120.721
637.385,134.89
637.468,130.884
637.55,130.761
637.632,116.354
637.714,109.612
637.796,126.895
637.879,115.294
637.961,130.206
638.043,118.646
638.125,123.238
638.207,120.749
638.29,128.374
638.372,125.767
638.454,118.371
638.536,118.776
638.618,120.239
638.701,146.13
638.783,97.9502
638.865,116.065
638.947,114.606
639.029,114.157
639.111,126.311
639.194,108.974
639.276,110.394
639.358,135.744
639.44,107.404
639.522,103.45
639.604,124.777
639.687,130.262
639.769,115.203
639.851,114.692
639.933,125.661
640.015,102.619
640.097,113.645
640.179,107.805
640.262,109.266
640.344,105.632
640.426,99.9112
640.508,101.216
640.59,104.616
640.672,107.259
640.754,103.087
640.837,101.693
640.919,99.4157
641.001,92.4281
641.083,93.6226
641.165,120.83
641.247,113.098
641.329,99.6178
641.412,104.102
641.494,104.862
641.576,109.492
641.658,104.27
641.74,115.14
641.822,97.2219
641.904,92.3312
641.986,79.6614
642.068,85.9021
642.151,96.0176
642.233,65.1745
642.315,93.8346
642.397,100.692
642.479,92.7968
642.561,91.6347
642.643,99.1517
642.725,109.728
642.807,107.454
642.89,114.321
642.972,84.3958
643.054,95.2963
643.136,113.924
643.218,113.715
643.3,100.889
643.382,107.873
643.464,89.428
643.546,82.5257
643.628,79.81
643.71,89.789
643.792,81.7145
643.875,87.6431
643.957,82.1303
644.039,90.3867
644.121,59.033
644.203,89.1707
644.285,90.2285
644.367,78.0909
644.449,76.5565
644.531,100.721
644.613,112.955
644.695,62.5856
644.777,88.5471
644.859,78.7897
644.941,78.854
645.023,85.4346
645.105,73.9147
645.188,66.5309
645.27,92.928
645.352,103.547
645.434,63.5726
645.516,94.1633
645.598,66.9188
645.68,78.0012
645.762,110.428
645.844,99.9145
645.926,65.5038
646.008,70.5976
646.09,93.3128
646.172,78.7973
646.254,80.4695
646.336,78.2329
646.418,78.5091
646.5,107.69
646.582,80.5517
646.664,91.7682
646.746,89.9085
646.828,53.7259
646.91,81.4035
646.992,85.6227
647.074,91.1997
647.156,63.0548
647.238,83.5031
647.32,90.725
647.402,79.9366
647.484,59.6003
647.566,69.2609
647.648,68.3731
647.73,63.4907
647.812,86.2009
647.894,68.8821
647.976,62.6471
648.058,78.1073
648.14,78.5097
648.222,64.4187
648.304,61.7456
648.386,38.9722
648.468,60.148
648.55,55.3308
648.632,63.4854
648.714,65.7036
648.796,72.9617
648.878,78.1513
648.96,55.1982
649.042,50.982
649.124,47.2137
649.206,54.511
649.288,48.7318
649.37,74.2148
649.452,63.0552
649.534,63.9278
649.616,54.1391
649.698,81.9973
649.78,63.7422
649.862,58.8873
649.944,63.5832
650.026,47.0964
650.107,59.5513
650.189,57.7513
650.271,56.969
650.353,59.8242
650.435,43.2803
650.517,57.0836
650.599,49.1018
650.681,57.666
650.763,68.976
650.845,55.7713
650.927,73.5259
651.009,56.6968
651.091,73.9517
651.173,75.4245
651.255,57.0674
651.337,69.091
651.418,70.9521
651.5,60.8021
651.582,67.111
651.664,53.3587
651.746,68.0638
651.828,66.2758
651.91,57.4591
651.992,46.5722
652.074,70.5183
652.156,68.3851
652.238,63.6505
652.319,60.5861
652.401,57.2866
652.483,56.1374
652.565,45.8472
652.647,64.7973
652.729,46.2225
652.811,46.6746
652.893,45.0216
652.975,62.6096
653.057,45.0486
653.138,41.9191
653.22,65.5429
653.302,54.6979
653.384,77.1606
653.466,50.3974
653.548,48.6731
653.63,59.9701
653.712,81.2015
653.793,55.6678
653.875,42.6107
653.957,54.9261
654.039,42.8055
654.121,33.6682
654.203,64.1535
654.285,53.3209
654.367,67.5547
654.448,29.2493
654.53,70.4456
654.612,53.9328
654.694,57.7107
654.776,60.0731
654.858,64.4934
654.94,44.3856
655.021,53.0234
655.103,64.4104
655.185,66.0871
655.267,42.6128
655.349,45.4065
655.431,39.2062
655.512,40.5313
655.594,42.9293
655.676,55.9346
655.758,54.5056
655.84,72.0163
655.922,41.7915
656.004,53.131
656.085,40.3657
656.167,50.5688
656.249,38.1065
656.331,49.9737
656.413,58.6073
656.494,50.8096
656.576,52.3927
656.658,51.6644
656.74,45.4918
656.822,59.8609
656.904,69.3826
656.985,59.905
657.067,51.8875
657.149,46.093
657.231,56.47
657.313,49.0797
657.394,47.6946
657.476,47.2035
657.558,26.7108
657.64,45.5746
657.722,46.1927
657.803,40.3557
657.885,55.0088
657.967,60.693
658.049,45.8526
658.131,62.5867
658.212,76.1348
658.294,54.6998
658.376,47.6772
658.458,64.4006
658.539,41.7373
658.621,43.7253
658.703,54.8981
658.785,44.813
658.867,51.3051
658.948,45.2547
659.03,51.6576
659.112,46.6601
659.194,71.3624
659.275,55.4377
659.357,50.8947
659.439,48.4637
659.521,32.7799
659.602,51.2071
659.684,45.2783
659.766,55.3686
659.848,60.6945
659.929,50.9949
660.011,41.6833
660.093,64.9221
660.175,36.1475
660.256,52.9011
660.338,24.5596
660.42,53.6072
660.502,52.1915
660.583,39.4894
660.665,66.657
660.747,31.8768
660.829,55.3979
660.91,49.777
660.992,46.3051
661.074,77.2282
661.156,52.9433
661.237,44.4013
661.319,49.9948
661.401,47.2397
661.482,42.3633
661.564,51.5945
661.646,70.8523
661.728,53.9164
661.809,44.7079
661.891,45.3608
661.973,40.3339
662.054,27.7404
662.136,42.4061
662.218,66.4005
662.299,46.8943
662.381,46.9591
662.463,40.6499
662.545,76.2902
662.626,50.1149
662.708,32.9131
662.79,33.172
662.871,41.3688
662.953,54.0625
663.035,40.9919
663.116,50.0745
663.198,52.369
663.28,35.6459
663.361,33.3663
663.443,51.2499
663.525,40.8009
663.607,43.3241
663.688,33.2628
663.77,49.9912
663.852,29.0831
663.933,64.3884
664.015,51.5205
664.097,34.5987
664.178,62.0795
664.26,53.377
664.342,68.3467
664.423,55.5382
664.505,65.868
664.587,39.7643
664.668,44.3644
664.75,54.2651
664.831,40.5066
664.913,65.1158
664.995,58.6701
665.076,42.7211
665.158,58.9853
665.24,46.4004
665.321,38.8127
665.403,24.7655
665.485,57.1258
665.566,49.7767
665.648,35.1334
665.73,61.4368
665.811,39.2332
665.893,37.0236
665.974,29.4691
666.056,64.2769
666.138,46.7208
666.219,37.5195
666.301,45.5851
666.383,47.5838
666.464,29.2299
666.546,40.7528
666.627,52.8178
666.709,39.734
666.791,33.8921
666.872,40.6794
666.954,55.6272
667.035,40.6559
667.117,32.2436
667.199,35.9163
667.28,52.2297
667.362,38.3151
667.443,51.489
667.525,46.448
667.607,42.5492
667.688,58.1548
667.77,49.9102
667.851,36.9177
667.933,36.9925
668.015,51.4288
668.096,51.5325
668.178,47.5641
668.259,43.256
668.341,49.2373
668.423,38.3946
668.504,56.6183
668.586,23.4468
668.667,21.0018
668.749,22.4548
668.83,38.656
668.912,59.8796
668.994,35.1665
669.075,40.6356
669.157,46.125
669.238,47.7257
669.32,59.0632
669.401,36.9739
669.483,24.5526
669.564,30.6311
669.646,35.0335
669.728,28.774
669.809,63.2301
669.891,48.4699
669.972,35.6778
670.054,56.5606
670.135,44.365
670.217,24.7893
670.298,47.838
670.38,30.1644
670.461,43.2938
670.543,36.9783
670.625,31.2687
670.706,20.1837
670.788,51.9045
670.869,54.056
670.951,40.5557
671.032,57.3822
671.114,42.6267
671.195,46.3921
671.277,45.7823
671.358,46.1289
671.44,34.5681
671.521,32.6445
671.603,23.5693
671.684,57.2739
671.766,45.1487
671.847,42.5841
671.929,31.822
672.01,36.0335
672.092,41.8276
672.173,36.7639
672.255,33.8877
672.336,29.9112
672.418,37.0007
672.499,42.701
672.581,26.8103
672.662,34.6431
672.744,40.0815
672.825,43.0445
672.907,45.1057
672.988,35.2151
673.07,33.5663
673.151,45.3424
673.233,34.4346
673.314,45.8091
673.396,31.0748
673.477,46.9547
673.559,40.4689
673.64,28.4506
673.722,42.7588
673.803,55.5385
673.885,57.9013
673.966,44.7673
674.047,43.9188
674.129,43.7236
674.21,33.6145
674.292,46.8922
674.373,42.4007
674.455,42.8364
674.536,31.0368
674.618,36.4173
674.699,37.8416
674.781,42.3896
674.862,28.3626
674.943,41.2455
675.025,29.7382
675.106,45.4295
675.188,47.8197
675.269,30.0059
675.351,52.036
675.432,72.0139
675.514,39.13
675.595,27.1098
675.676,41.5418
675.758,24.7209
675.839,32.8224
675.921,44.3998
676.002,44.0266
676.084,34.2592
676.165,43.2557
676.246,30.201
676.328,27.1319
676.409,41.1995
676.491,24.7914
676.572,40.2661
676.653,34.9224
676.735,56.3399
676.816,36.8005
676.898,38.6581
676.979,38.0515
677.06,61.3355
677.142,6.29485
677.223,35.5425
677.305,46.6454
677.386,52.1222
677.467,39.8821
677.549,33.6309
677.63,15.96
677.712,25.2149
677.793,23.1545
677.874,35.1599
677.956,17.8422
678.037,48.7407
678.119,25.3275
678.2,23.3684
678.281,27.6619
678.363,41.0797
678.444,33.6568
678.525,29.4313
678.607,23.2664
678.688,24.5884
678.77,35.9864
678.851,14.064
678.932,54.1781
679.014,17.8529
679.095,40.2927
679.176,0.206418
679.258,45.4258
679.339,27.3092
679.42,16.3847
679.502,29.2213
679.583,32.694
679.664,22.9776
679.746,27.4884
679.827,40.6729
679.909,35.5543
679.99,40.5725
680.071,24.5267
680.153,23.1388
680.234,28.8875
680.315,29.8849
680.397,40.5202
680.478,36.0952
680.559,36.519
680.641,14.7836
680.722,36.4815
680.803,34.2409
680.885,37.3376
680.966,17.8111
681.047,23.4537
681.128,35.7093
681.21,36.9399
681.291,30.6907
681.372,32.2735
681.454,25.9789
681.535,24.9545
681.616,59.5685
681.698,37.0095
681.779,31.5391
681.86,15.3396
681.942,46.2424
682.023,23.7114
682.104,36.7223
682.186,49.6109
682.267,36.9797
682.348,4.02903
682.429,1.83766
682.511,30.6161
682.592,16.6313
682.673,1.59516
682.755,22.82
682.836,33.3995
682.917,42.7795
682.998,14.6973
683.08,31.1933
683.161,44.5165
683.242,33.8568
683.324,25.8824
683.405,24.1295
683.486,28.1897
683.567,14.5797
683.649,28.797
683.73,6.6922
683.811,45.0438
683.892,24.4261
683.974,10.6159
684.055,54.3618
684.136,38.6216
684.217,30.671
684.299,45.5328
684.38,30.0519
684.461,33.7336
684.542,35.8889
684.624,17.8481
684.705,11.9937
684.786,33.3963
684.867,38.7211
684.949,35.1611
685.03,22.4916
685.111,44.1341
685.192,42.0478
685.274,34.9442
685.355,32.498
685.436,16.6431
685.517,65.7036
685.599,53.3978
685.68,26.0571
685.761,39.1912
685.842,14.6788
685.923,20.4787
686.005,30.0118
686.086,18.419
686.167,16.6355
686.248,20.1076
686.33,38.8745
686.411,30.4477
686.492,33.4172
686.573,32.0702
686.654,34.5118
686.736,0.0
686.817,34.161
686.898,37.9159
686.979,30.9668
687.06,43.2171
687.142,27.57
687.223,37.5495
687.304,32.1388
687.385,38.0723
687.466,31.9642
687.548,55.1868
687.629,43.8033
687.71,20.7829
687.791,17.8809
687.872,35.4268
687.953,17.8262
688.035,15.1539
688.116,9.80119
688.197,27.7129
688.278,32.0562
688.359,41.5663
688.441,52.9588
688.522,21.2467
688.603,28.3294
688.684,18.4416
688.765,29.1985
688.846,58.4197
688.928,26.6431
689.009,37.2594
689.09,11.8711
689.171,2.45619
689.252,36.2968
689.333,23.2408
689.414,36.2297
689.496,25.5741
689.577,23.6409
689.658,18.4583
689.739,7.81472
689.82,36.9206
689.901,15.5818
689.982,25.7014
690.064,26.6601
690.145,38.3204
690.226,26.4196
690.307,17.7859
690.388,26.5448
690.469,18.2939
690.55,27.6975
690.632,24.8211
690.713,24.5155
690.794,30.4814
690.875,30.2574
690.956,18.1318
691.037,22.7248
691.118,21.0106
691.199,31.1735
691.28,6.61619
691.362,17.173
691.443,26.6796
691.524,17.1805
691.605,31.7071
691.686,14.1855
691.767,24.302
691.848,45.1055
691.929,42.0699
692.01,31.7504
692.091,18.1312
692.173,21.6514
692.254,25.1516
692.335,19.4164
692.416,0.0
692.497,62.1457
692.578,34.8768
692.659,35.1065
692.74,28.8268
692.821,25.6378
692.902,17.4509
692.983,41.0945
693.065,30.1503
693.146,29.4696
693.227,18.4969
693.308,9.55929
693.389,45.3138
693.47,35.463
693.551,31.4674
693.632,13.2574
693.713,44.1659
693.794,23.4714
693.875,17.6608
693.956,23.8365
694.037,16.5577
694.118,28.6149
694.199,16.3502
694.28,23.4684
694.362,38.9925
694.443,36.8734
694.524,14.0617
694.605,30.2523
694.686,15.5955
694.767,30.746
694.848,40.4128
694.929,23.0003
695.01,50.317
695.091,17.9434
695.172,6.55058
695.253,12.3374
695.334,10.1648
695.415,21.0254
695.496,12.7722
695.577,32.1138
695.658,17.8253
695.739,32.9232
695.82,51.1214
695.901,30.0709
695.982,29.9487
696.063,28.902
696.144,23.5373
696.225,19.8881
696.306,22.6849
696.387,26.3848
696.468,35.7197
696.549,47.4636
696.63,22.5795
696.711,5.54899
696.792,25.1441
696.873,16.91
696.954,29.3328
697.035,25.0122
697.116,24.1089
697.197,9.18833
697.278,31.8727
697.359,26.6716
697.44,17.9571
697.521,19.0768
697.602,29.3291
697.683,30.731
697.764,9.05436
697.845,24.8208
697.926,17.4091
698.007,17.7213
698.088,30.4952
698.169,20.1614
698.25,22.1009
698.331,33.2173
698.412,25.0021
698.493,18.4335
698.574,34.7948
698.655,18.7908
698.736,41.171
698.817,26.9202
698.898,11.085
698.979,33.5219
699.06,34.3535
699.141,47.4581
699.221,23.165
699.302,25.0031
699.383,16.4101
699.464,10.4413
699.545,22.6357
699.626,14.1419
699.707,24.6765
699.788,34.0014
699.869,19.2118
699.95,34.9378
700.031,19.0492
700.112,37.8078
700.193,20.9687
700.274,16.8372
700.355,28.3545
700.436,31.0517
700.516,19.5303
700.597,35.4764
700.678,21.7094
700.759,20.5669
700.84,24.3217
700.921,1.1068
701.002,27.281
701.083,31.5449
701.164,10.2855
701.245,12.1137
701.326,11.0654
701.407,23.0421
701.487,25.3602
701.568,20.6641
701.649,18.703
701.73,14.7927
701.811,13.9468
701.892,33.6006
701.973,19.137
702.054,13.3395
702.135,6.85223
702.215,17.696
702.296,27.1944
702.377,28.0462
702.458,45.8405
702.539,34.5407
702.62,14.5528
702.701,0.0
702.782,10.7095
702.863,6.89416
702.943,0.0
703.024,0.0
703.105,0.960606
703.186,0.0
703.267,0.0
703.348,15.8035
703.429,0.0
703.509,0.0
703.59,0.0
703.671,0.0
703.752,0.0
703.833,0.0
703.914,0.0
703.995,0.0
704.075,0.0
704.156,0.0
704.237,0.0
704.318,0.0
704.399,0.0
704.48,0.0
704.561,0.0
704.641,0.0
704.722,0.0
704.803,0.0
704.884,0.0
704.965,0.0
705.046,0.0
705.126,0.0
705.207,0.0
705.288,0.0
705.369,0.0
705.45,0.0
705.531,0.0
705.611,0.0
705.692,0.0
705.773,0.0
705.854,0.0
705.935,0.0
706.015,0.0
706.096,0.0
706.177,0.0
706.258,0.0
706.339,0.0
706.419,0.0
706.5,0.0
706.581,0.0
706.662,0.0
706.743,0.0
706.823,0.0
706.904,0.0
706.985,0.0
707.066,0.0
707.147,0.0
707.227,0.0
707.308,0.0
707.389,0.0
707.47,0.0
707.551,0.0
707.631,0.0
707.712,0.0
707.793,0.0
707.874,0.0
707.954,0.0
708.035,0.0
708.116,0.0
708.197,0.0
708.277,0.0
708.358,0.0
708.439,0.0
708.52,0.0
708.601,0.0
708.681,0.0
708.762,0.0
708.843,0.0
708.924,0.0
709.004,0.0
709.085,0.0
709.166,0.0
709.247,0.0
709.327,0.0
709.408,0.0
709.489,0.0
709.569,0.0
709.65,0.0
709.731,0.0
709.812,0.0
709.892,0.0
709.973,0.0
710.054,0.0
710.135,0.0
710.215,0.0
710.296,0.0
710.377,0.0
710.457,0.0
710.538,0.0
710.619,0.0
710.7,0.0
710.78,0.0
710.861,0.0
710.942,0.0
711.022,0.0
711.103,0.0
711.184,0.0
711.265,0.0
711.345,0.0
711.426,0.0
711.507,0.0
711.587,0.0
711.668,0.0
711.749,0.0
711.829,0.0
711.91,0.0
711.991,0.0
712.072,0.0
712.152,0.0
712.233,0.0
712.314,0.0
712.394,0.0
712.475,0.0
712.556,0.0
712.636,0.0
712.717,0.0
712.798,0.0
712.878,0.0
712.959,0.0
